seq,sample_time_ms,tx_time_ms,ax_ms2,ay_ms2,az_ms2,gx_dps,gy_dps,gz_dps,pc_rx_time_ms,freq_peak_hz,psd_peak,energy_4_7,energy_2_10,band_ratio,esp32_pub_latency_us,esp32_conn_latency_us,format,distancia_router_m,tipo_red_wifi,notas
201,171391,171484.0,0.291,0.052,0.958,-16.188,43.25,-44.5,1788471882922.91,3.125,0.000723777716,0.0011029148,0.00266629695,0.41365,0,0,JSON,,,
202,171401,171484.0,0.248,0.003,0.941,-16.875,43.062,-41.5,1788471882922.91,3.125,0.000723777716,0.0011029148,0.00266629695,0.41365,0,0,JSON,,,
203,171411,171484.0,0.238,-0.005,0.932,-13.375,38.875,-37.438,1788471882922.91,3.125,0.000723777716,0.0011029148,0.00266629695,0.41365,0,0,JSON,,,
204,171421,171484.0,0.226,-0.001,0.914,-8.562,33.688,-33.562,1788471882922.91,3.125,0.000723777716,0.0011029148,0.00266629695,0.41365,0,0,JSON,,,
205,171431,171484.0,0.21,0.011,0.885,-5.438,27.25,-29.938,1788471882922.91,3.125,0.000723777716,0.0011029148,0.00266629695,0.41365,0,0,JSON,,,
206,171441,171484.0,0.182,0.009,0.855,-3.875,17.188,-26.312,1788471882922.91,3.125,0.000723777716,0.0011029148,0.00266629695,0.41365,0,0,JSON,,,
207,171451,171484.0,0.189,-0.008,0.881,-2.062,4.375,-22.188,1788471882922.91,3.125,0.000723777716,0.0011029148,0.00266629695,0.41365,0,0,JSON,,,
208,171461,171484.0,0.195,-0.014,0.903,2.625,-6.062,-17.688,1788471882922.91,3.125,0.000723777716,0.0011029148,0.00266629695,0.41365,0,0,JSON,,,
209,171471,171484.0,0.205,0.006,0.9,8.688,-12.688,-14.062,1788471882922.91,3.125,0.000723777716,0.0011029148,0.00266629695,0.41365,0,0,JSON,,,
210,171481,171484.0,0.224,0.033,0.934,12.875,-15.938,-12.062,1788471882922.91,3.125,0.000723777716,0.0011029148,0.00266629695,0.41365,0,0,JSON,,,
211,171491,171583.0,0.224,0.053,0.935,13.812,-15.125,-11.062,1788471882923.36,3.125,0.000723777716,0.0011029148,0.00266629695,0.41365,0,0,JSON,,,
212,171501,171583.0,0.221,0.068,0.96,9.0,-10.562,-8.688,1788471882923.36,3.125,0.000723777716,0.0011029148,0.00266629695,0.41365,0,0,JSON,,,
213,171511,171583.0,0.253,0.079,0.998,1.75,-1.125,-6.75,1788471882923.36,3.125,0.000723777716,0.0011029148,0.00266629695,0.41365,0,0,JSON,,,
214,171521,171583.0,0.241,0.067,1.001,-5.438,10.5,-8.25,1788471882923.36,3.125,0.000723777716,0.0011029148,0.00266629695,0.41365,0,0,JSON,,,
215,171531,171583.0,0.234,0.062,1.019,-12.812,23.125,-10.875,1788471882923.36,3.125,0.000723777716,0.0011029148,0.00266629695,0.41365,0,0,JSON,,,
216,171541,171583.0,0.24,0.062,1.029,-18.875,38.438,-14.188,1788471882923.36,3.125,0.000723777716,0.0011029148,0.00266629695,0.41365,0,0,JSON,,,
217,171551,171583.0,0.202,0.043,1.024,-24.562,54.312,-18.0,1788471882923.36,3.125,0.000723777716,0.0011029148,0.00266629695,0.41365,0,0,JSON,,,
218,171561,171583.0,0.196,0.036,1.012,-27.25,66.812,-19.688,1788471882923.36,3.125,0.000723777716,0.0011029148,0.00266629695,0.41365,0,0,JSON,,,
219,171571,171583.0,0.177,0.015,1.015,-27.375,73.438,-21.438,1788471882923.36,3.125,0.000723777716,0.0011029148,0.00266629695,0.41365,0,0,JSON,,,
220,171581,171583.0,0.156,0.019,1.007,-26.062,77.562,-22.062,1788471882923.36,3.125,0.000723777716,0.0011029148,0.00266629695,0.41365,0,0,JSON,,,
221,171591,171682.0,0.132,0.019,1.012,-25.125,79.25,-21.688,1788471883036.36,3.125,0.000723777716,0.0011029148,0.00266629695,0.41365,0,0,JSON,,,
222,171601,171682.0,0.127,0.021,1.017,-23.75,78.875,-20.0,1788471883036.36,3.125,0.000723777716,0.0011029148,0.00266629695,0.41365,0,0,JSON,,,
223,171611,171682.0,0.118,0.041,1.016,-23.125,76.625,-18.5,1788471883036.36,3.125,0.000723777716,0.0011029148,0.00266629695,0.41365,0,0,JSON,,,
224,171621,171682.0,0.079,0.026,1.013,-24.375,72.312,-16.938,1788471883036.36,3.125,0.000723777716,0.0011029148,0.00266629695,0.41365,0,0,JSON,,,
225,171631,171682.0,0.061,0.02,1.0,-25.0,64.125,-13.875,1788471883036.36,3.125,0.000723777716,0.0011029148,0.00266629695,0.41365,0,0,JSON,,,
226,171641,171682.0,0.044,0.016,1.0,-24.312,52.062,-10.312,1788471883036.36,3.125,0.000723777716,0.0011029148,0.00266629695,0.41365,0,0,JSON,,,
227,171651,171682.0,0.032,0.001,1.008,-22.375,38.625,-6.312,1788471883036.36,3.125,0.000723777716,0.0011029148,0.00266629695,0.41365,0,0,JSON,,,
228,171661,171682.0,0.036,-0.006,1.011,-17.688,25.75,-2.375,1788471883036.36,3.125,0.000723777716,0.0011029148,0.00266629695,0.41365,0,0,JSON,,,
229,171671,171682.0,0.033,-0.009,1.016,-12.125,13.812,0.438,1788471883036.36,3.125,0.000723777716,0.0011029148,0.00266629695,0.41365,0,0,JSON,,,
230,171681,171682.0,0.03,-0.008,1.015,-6.188,3.188,3.0,1788471883036.36,3.125,0.000723777716,0.0011029148,0.00266629695,0.41365,0,0,JSON,,,
231,171691,171782.0,0.03,-0.008,1.012,-0.375,-6.062,5.75,1788471883124.99,3.125,0.000723777716,0.0011029148,0.00266629695,0.41365,0,0,JSON,,,
232,171701,171782.0,0.043,0.007,1.009,3.5,-14.688,8.875,1788471883124.99,3.125,0.000723777716,0.0011029148,0.00266629695,0.41365,0,0,JSON,,,
233,171711,171782.0,0.052,0.006,1.012,5.562,-21.875,10.5,1788471883124.99,3.125,0.000723777716,0.0011029148,0.00266629695,0.41365,0,0,JSON,,,
234,171721,171782.0,0.052,-0.002,1.008,7.625,-25.938,10.812,1788471883124.99,3.125,0.000723777716,0.0011029148,0.00266629695,0.41365,0,0,JSON,,,
235,171731,171782.0,0.06,0.003,1.003,8.438,-28.375,11.688,1788471883124.99,3.125,0.000723777716,0.0011029148,0.00266629695,0.41365,0,0,JSON,,,
236,171741,171782.0,0.077,0.007,1.005,8.5,-29.438,12.0,1788471883124.99,3.125,0.000723777716,0.0011029148,0.00266629695,0.41365,0,0,JSON,,,
237,171751,171782.0,0.082,0.001,1.004,8.25,-29.312,11.625,1788471883124.99,3.125,0.000723777716,0.0011029148,0.00266629695,0.41365,0,0,JSON,,,
238,171761,171782.0,0.092,0.005,0.999,8.312,-27.5,11.438,1788471883124.99,3.125,0.000723777716,0.0011029148,0.00266629695,0.41365,0,0,JSON,,,
239,171771,171782.0,0.094,0.0,0.986,8.125,-24.062,10.75,1788471883124.99,3.125,0.000723777716,0.0011029148,0.00266629695,0.41365,0,0,JSON,,,
240,171781,171782.0,0.094,-0.006,0.982,7.438,-20.562,10.5,1788471883124.99,3.125,0.000723777716,0.0011029148,0.00266629695,0.41365,0,0,JSON,,,
241,171791,171885.0,0.115,0.008,0.984,7.062,-18.25,11.312,1788471883172.03,3.125,0.000723777716,0.0011029148,0.00266629695,0.41365,0,0,JSON,,,
242,171801,171885.0,0.115,-0.009,0.982,8.0,-16.0,10.188,1788471883172.03,3.125,0.000723777716,0.0011029148,0.00266629695,0.41365,0,0,JSON,,,
243,171811,171885.0,0.122,0.005,0.984,9.188,-12.375,9.688,1788471883172.03,3.125,0.000723777716,0.0011029148,0.00266629695,0.41365,0,0,JSON,,,
244,171821,171885.0,0.118,0.004,0.977,7.938,-7.25,8.938,1788471883172.03,3.125,0.000723777716,0.0011029148,0.00266629695,0.41365,0,0,JSON,,,
245,171831,171885.0,0.112,-0.001,0.978,5.062,-3.312,8.188,1788471883172.03,3.125,0.000723777716,0.0011029148,0.00266629695,0.41365,0,0,JSON,,,
246,171841,171885.0,0.11,-0.005,0.981,3.0,-0.938,7.688,1788471883172.03,3.125,0.000723777716,0.0011029148,0.00266629695,0.41365,0,0,JSON,,,
247,171851,171885.0,0.109,-0.021,0.987,2.938,-0.75,6.875,1788471883172.03,3.125,0.000723777716,0.0011029148,0.00266629695,0.41365,0,0,JSON,,,
248,171861,171885.0,0.108,-0.01,0.982,3.938,-0.5,6.375,1788471883172.03,3.125,0.000723777716,0.0011029148,0.00266629695,0.41365,0,0,JSON,,,
249,171871,171885.0,0.103,-0.004,0.98,4.188,0.375,6.062,1788471883172.03,3.125,0.000723777716,0.0011029148,0.00266629695,0.41365,0,0,JSON,,,
250,171881,171885.0,0.093,-0.009,0.972,3.062,0.812,5.688,1788471883172.03,3.125,0.000723777716,0.0011029148,0.00266629695,0.41365,0,0,JSON,,,
251,171891,171999.0,0.094,-0.015,0.985,1.688,-0.188,6.125,1788471883239.46,2.344,0.0111261808,0.00750445309,0.0168884007,0.44436,0,0,JSON,,,
252,171901,171999.0,0.092,-0.021,0.994,1.375,-1.062,6.875,1788471883239.46,2.344,0.0111261808,0.00750445309,0.0168884007,0.44436,0,0,JSON,,,
253,171913,171999.0,0.093,-0.026,1.001,3.0,-1.062,7.125,1788471883239.46,2.344,0.0111261808,0.00750445309,0.0168884007,0.44436,0,0,JSON,,,
254,171921,171999.0,0.089,-0.007,0.996,4.688,0.0,7.125,1788471883239.46,2.344,0.0111261808,0.00750445309,0.0168884007,0.44436,0,0,JSON,,,
255,171931,171999.0,0.086,-0.011,0.999,4.625,1.312,6.625,1788471883239.46,2.344,0.0111261808,0.00750445309,0.0168884007,0.44436,0,0,JSON,,,
256,171941,171999.0,0.084,-0.014,1.006,3.5,3.0,6.25,1788471883239.46,2.344,0.0111261808,0.00750445309,0.0168884007,0.44436,0,0,JSON,,,
257,171966,171999.0,0.069,-0.012,1.002,2.438,6.312,5.375,1788471883239.46,2.344,0.0111261808,0.00750445309,0.0168884007,0.44436,0,0,JSON,,,
258,171976,171999.0,0.07,-0.011,1.003,1.562,7.125,5.125,1788471883239.46,2.344,0.0111261808,0.00750445309,0.0168884007,0.44436,0,0,JSON,,,
259,171986,171999.0,0.072,-0.019,1.008,0.562,7.438,4.562,1788471883239.46,2.344,0.0111261808,0.00750445309,0.0168884007,0.44436,0,0,JSON,,,
260,171996,171999.0,0.071,-0.024,1.008,0.438,8.188,3.438,1788471883239.46,2.344,0.0111261808,0.00750445309,0.0168884007,0.44436,0,0,JSON,,,
261,172006,172100.0,0.063,-0.022,1.003,0.5,9.062,2.812,1788471883372.88,2.344,0.0111261808,0.00750445309,0.0168884007,0.44436,0,0,JSON,,,
262,172016,172100.0,0.063,-0.021,0.998,0.312,9.312,2.562,1788471883372.88,2.344,0.0111261808,0.00750445309,0.0168884007,0.44436,0,0,JSON,,,
263,172026,172100.0,0.058,-0.021,0.997,-0.438,8.812,2.188,1788471883372.88,2.344,0.0111261808,0.00750445309,0.0168884007,0.44436,0,0,JSON,,,
264,172036,172100.0,0.058,-0.027,1.002,-1.0,8.062,2.0,1788471883372.88,2.344,0.0111261808,0.00750445309,0.0168884007,0.44436,0,0,JSON,,,
265,172046,172100.0,0.062,-0.026,1.009,-1.062,6.812,2.312,1788471883372.88,2.344,0.0111261808,0.00750445309,0.0168884007,0.44436,0,0,JSON,,,
266,172056,172100.0,0.063,-0.024,1.005,-1.0,5.875,2.625,1788471883372.88,2.344,0.0111261808,0.00750445309,0.0168884007,0.44436,0,0,JSON,,,
267,172066,172100.0,0.059,-0.024,1.001,-1.062,4.5,2.5,1788471883372.88,2.344,0.0111261808,0.00750445309,0.0168884007,0.44436,0,0,JSON,,,
268,172076,172100.0,0.058,-0.027,0.995,-0.812,2.625,2.5,1788471883372.88,2.344,0.0111261808,0.00750445309,0.0168884007,0.44436,0,0,JSON,,,
269,172086,172100.0,0.063,-0.021,0.995,-0.25,0.312,2.5,1788471883372.88,2.344,0.0111261808,0.00750445309,0.0168884007,0.44436,0,0,JSON,,,
270,172096,172100.0,0.067,-0.024,1.001,0.5,-1.812,2.688,1788471883372.88,2.344,0.0111261808,0.00750445309,0.0168884007,0.44436,0,0,JSON,,,
271,172106,172200.0,0.072,-0.019,1.002,1.062,-3.062,2.75,1788471883559.84,2.344,0.0111261808,0.00750445309,0.0168884007,0.44436,0,0,JSON,,,
272,172116,172200.0,0.082,-0.013,1.001,1.25,-4.188,2.25,1788471883559.84,2.344,0.0111261808,0.00750445309,0.0168884007,0.44436,0,0,JSON,,,
273,172126,172200.0,0.085,-0.012,1.002,1.0,-4.562,1.875,1788471883559.84,2.344,0.0111261808,0.00750445309,0.0168884007,0.44436,0,0,JSON,,,
274,172136,172200.0,0.093,-0.005,1.003,0.688,-3.938,1.875,1788471883559.84,2.344,0.0111261808,0.00750445309,0.0168884007,0.44436,0,0,JSON,,,
275,172146,172200.0,0.102,-0.008,1.011,-0.375,-2.5,1.75,1788471883559.84,2.344,0.0111261808,0.00750445309,0.0168884007,0.44436,0,0,JSON,,,
276,172156,172200.0,0.1,-0.007,1.015,-1.188,-0.25,1.438,1788471883559.84,2.344,0.0111261808,0.00750445309,0.0168884007,0.44436,0,0,JSON,,,
277,172166,172200.0,0.099,-0.002,1.015,-2.0,2.125,1.312,1788471883559.84,2.344,0.0111261808,0.00750445309,0.0168884007,0.44436,0,0,JSON,,,
278,172176,172200.0,0.097,-0.008,1.013,-2.938,3.938,1.0,1788471883559.84,2.344,0.0111261808,0.00750445309,0.0168884007,0.44436,0,0,JSON,,,
279,172186,172200.0,0.092,-0.009,1.007,-3.312,4.75,1.188,1788471883559.84,2.344,0.0111261808,0.00750445309,0.0168884007,0.44436,0,0,JSON,,,
280,172196,172200.0,0.089,-0.011,1.005,-2.75,5.062,1.188,1788471883559.84,2.344,0.0111261808,0.00750445309,0.0168884007,0.44436,0,0,JSON,,,
281,172206,172300.0,0.084,-0.01,1.006,-2.0,4.938,1.375,1788471883639.33,2.344,0.0111261808,0.00750445309,0.0168884007,0.44436,0,0,JSON,,,
282,172216,172300.0,0.082,-0.011,0.995,-1.5,4.75,1.438,1788471883639.33,2.344,0.0111261808,0.00750445309,0.0168884007,0.44436,0,0,JSON,,,
283,172226,172300.0,0.073,-0.01,0.993,-1.812,4.25,1.312,1788471883639.33,2.344,0.0111261808,0.00750445309,0.0168884007,0.44436,0,0,JSON,,,
284,172236,172300.0,0.073,-0.013,0.991,-2.125,2.75,1.25,1788471883639.33,2.344,0.0111261808,0.00750445309,0.0168884007,0.44436,0,0,JSON,,,
285,172246,172300.0,0.073,-0.016,0.993,-2.062,1.375,1.25,1788471883639.33,2.344,0.0111261808,0.00750445309,0.0168884007,0.44436,0,0,JSON,,,
286,172256,172300.0,0.073,-0.012,0.996,-1.438,0.0,1.25,1788471883639.33,2.344,0.0111261808,0.00750445309,0.0168884007,0.44436,0,0,JSON,,,
287,172266,172300.0,0.07,-0.011,0.999,-1.062,-0.375,0.688,1788471883639.33,2.344,0.0111261808,0.00750445309,0.0168884007,0.44436,0,0,JSON,,,
288,172276,172300.0,0.071,-0.012,0.999,-1.125,-0.375,0.0,1788471883639.33,2.344,0.0111261808,0.00750445309,0.0168884007,0.44436,0,0,JSON,,,
289,172286,172300.0,0.07,-0.009,0.99,-1.562,-0.312,-0.5,1788471883639.33,2.344,0.0111261808,0.00750445309,0.0168884007,0.44436,0,0,JSON,,,
290,172296,172300.0,0.06,-0.019,0.987,-1.938,-0.062,-1.438,1788471883639.33,2.344,0.0111261808,0.00750445309,0.0168884007,0.44436,0,0,JSON,,,
291,172306,172400.0,0.059,-0.017,0.988,-1.5,0.062,-2.188,1788471883839.36,2.344,0.0111261808,0.00750445309,0.0168884007,0.44436,0,0,JSON,,,
292,172316,172400.0,0.059,-0.016,0.989,-1.25,-0.25,-2.625,1788471883839.36,2.344,0.0111261808,0.00750445309,0.0168884007,0.44436,0,0,JSON,,,
293,172326,172400.0,0.061,-0.016,0.99,-0.812,-0.375,-2.812,1788471883839.36,2.344,0.0111261808,0.00750445309,0.0168884007,0.44436,0,0,JSON,,,
294,172336,172400.0,0.067,-0.013,0.995,-0.562,-0.188,-3.062,1788471883839.36,2.344,0.0111261808,0.00750445309,0.0168884007,0.44436,0,0,JSON,,,
295,172346,172400.0,0.069,-0.01,0.995,-0.875,0.25,-3.375,1788471883839.36,2.344,0.0111261808,0.00750445309,0.0168884007,0.44436,0,0,JSON,,,
296,172356,172400.0,0.074,-0.017,0.991,-1.938,0.875,-4.188,1788471883839.36,2.344,0.0111261808,0.00750445309,0.0168884007,0.44436,0,0,JSON,,,
297,172366,172400.0,0.084,-0.029,0.997,-3.688,1.5,-4.875,1788471883839.36,2.344,0.0111261808,0.00750445309,0.0168884007,0.44436,0,0,JSON,,,
298,172376,172400.0,0.091,-0.035,1.042,-5.312,2.5,-6.062,1788471883839.36,2.344,0.0111261808,0.00750445309,0.0168884007,0.44436,0,0,JSON,,,
299,172386,172400.0,0.097,-0.035,1.079,-7.25,4.875,-6.062,1788471883839.36,2.344,0.0111261808,0.00750445309,0.0168884007,0.44436,0,0,JSON,,,
300,172396,172400.0,0.098,-0.032,1.133,-9.5,8.312,-6.188,1788471883839.36,2.344,0.0111261808,0.00750445309,0.0168884007,0.44436,0,0,JSON,,,
301,172406,172500.0,0.108,-0.029,1.226,-11.062,11.0,-6.188,1788471883839.61,2.344,0.0111261808,0.00750445309,0.0168884007,0.44436,0,0,JSON,,,
302,172416,172500.0,0.101,-0.024,1.251,-12.5,11.188,-5.625,1788471883839.61,2.344,0.0111261808,0.00750445309,0.0168884007,0.44436,0,0,JSON,,,
303,172426,172500.0,0.088,-0.017,1.255,-13.562,7.938,-5.5,1788471883839.61,2.344,0.0111261808,0.00750445309,0.0168884007,0.44436,0,0,JSON,,,
304,172436,172500.0,0.087,-0.019,1.25,-15.062,0.188,-5.25,1788471883839.61,2.344,0.0111261808,0.00750445309,0.0168884007,0.44436,0,0,JSON,,,
305,172446,172500.0,0.121,-0.034,1.243,-16.938,-10.75,-5.438,1788471883839.61,2.344,0.0111261808,0.00750445309,0.0168884007,0.44436,0,0,JSON,,,
306,172456,172500.0,0.141,-0.031,1.242,-19.562,-21.812,-5.688,1788471883839.61,2.344,0.0111261808,0.00750445309,0.0168884007,0.44436,0,0,JSON,,,
307,172466,172500.0,0.15,-0.04,1.246,-26.188,-29.25,-6.375,1788471883839.61,2.344,0.0111261808,0.00750445309,0.0168884007,0.44436,0,0,JSON,,,
308,172476,172500.0,0.17,-0.054,1.259,-29.0,-37.25,-6.562,1788471883839.61,2.344,0.0111261808,0.00750445309,0.0168884007,0.44436,0,0,JSON,,,
309,172486,172500.0,0.208,-0.059,1.298,-27.875,-46.375,-6.75,1788471883839.61,2.344,0.0111261808,0.00750445309,0.0168884007,0.44436,0,0,JSON,,,
310,172496,172500.0,0.218,-0.072,1.314,-27.062,-52.312,-6.5,1788471883839.61,2.344,0.0111261808,0.00750445309,0.0168884007,0.44436,0,0,JSON,,,
311,172506,172600.0,0.223,-0.078,1.313,-26.812,-57.062,-4.25,1788471883939.9,2.344,0.0111261808,0.00750445309,0.0168884007,0.44436,0,0,JSON,,,
312,172516,172600.0,0.219,-0.085,1.301,-26.875,-62.5,-1.312,1788471883939.9,2.344,0.0111261808,0.00750445309,0.0168884007,0.44436,0,0,JSON,,,
313,172526,172600.0,0.197,-0.073,1.264,-28.688,-68.812,1.062,1788471883939.9,2.344,0.0111261808,0.00750445309,0.0168884007,0.44436,0,0,JSON,,,
314,172536,172600.0,0.17,-0.119,1.216,-34.375,-73.438,1.75,1788471883939.9,2.344,0.0111261808,0.00750445309,0.0168884007,0.44436,0,0,JSON,,,
315,172546,172600.0,0.211,-0.1,1.215,-33.312,-84.75,1.25,1788471883939.9,2.344,0.0111261808,0.00750445309,0.0168884007,0.44436,0,0,JSON,,,
316,172556,172600.0,0.192,-0.078,1.096,-31.5,-92.75,-1.5,1788471883939.9,2.344,0.0111261808,0.00750445309,0.0168884007,0.44436,0,0,JSON,,,
317,172566,172600.0,0.203,-0.144,1.105,-40.438,-93.562,-0.125,1788471883939.9,2.344,0.0111261808,0.00750445309,0.0168884007,0.44436,0,0,JSON,,,
318,172576,172600.0,0.228,-0.11,1.045,-42.625,-98.312,-1.75,1788471883939.9,2.344,0.0111261808,0.00750445309,0.0168884007,0.44436,0,0,JSON,,,
319,172586,172600.0,0.241,-0.09,1.013,-44.625,-104.75,-5.25,1788471883939.9,2.344,0.0111261808,0.00750445309,0.0168884007,0.44436,0,0,JSON,,,
320,172596,172600.0,0.258,-0.109,0.959,-47.375,-103.0,-6.312,1788471883939.9,2.344,0.0111261808,0.00750445309,0.0168884007,0.44436,0,0,JSON,,,
321,172606,172700.0,0.271,-0.121,0.924,-47.188,-96.312,-6.562,1788471884041.54,2.344,0.0111261808,0.00750445309,0.0168884007,0.44436,0,0,JSON,,,
322,172616,172700.0,0.261,-0.136,0.881,-47.188,-88.312,-5.562,1788471884041.54,2.344,0.0111261808,0.00750445309,0.0168884007,0.44436,0,0,JSON,,,
323,172626,172700.0,0.241,-0.153,0.836,-47.25,-81.625,-3.375,1788471884041.54,2.344,0.0111261808,0.00750445309,0.0168884007,0.44436,0,0,JSON,,,
324,172636,172700.0,0.21,-0.158,0.774,-46.938,-76.812,-1.375,1788471884041.54,2.344,0.0111261808,0.00750445309,0.0168884007,0.44436,0,0,JSON,,,
325,172646,172700.0,0.188,-0.164,0.746,-44.25,-72.562,-0.625,1788471884041.54,2.344,0.0111261808,0.00750445309,0.0168884007,0.44436,0,0,JSON,,,
326,172656,172700.0,0.183,-0.161,0.726,-37.75,-67.5,0.312,1788471884041.54,2.344,0.0111261808,0.00750445309,0.0168884007,0.44436,0,0,JSON,,,
327,172666,172700.0,0.202,-0.153,0.721,-29.812,-63.188,2.25,1788471884041.54,2.344,0.0111261808,0.00750445309,0.0168884007,0.44436,0,0,JSON,,,
328,172676,172700.0,0.197,-0.147,0.713,-22.688,-59.188,3.438,1788471884041.54,2.344,0.0111261808,0.00750445309,0.0168884007,0.44436,0,0,JSON,,,
329,172686,172700.0,0.192,-0.124,0.708,-17.188,-54.625,4.25,1788471884041.54,2.344,0.0111261808,0.00750445309,0.0168884007,0.44436,0,0,JSON,,,
330,172696,172700.0,0.192,-0.099,0.713,-14.875,-50.938,5.5,1788471884041.54,2.344,0.0111261808,0.00750445309,0.0168884007,0.44436,0,0,JSON,,,
331,172706,172800.0,0.202,-0.086,0.696,-15.812,-48.625,5.875,1788471884090.42,2.344,0.0111261808,0.00750445309,0.0168884007,0.44436,0,0,JSON,,,
332,172716,172800.0,0.209,-0.094,0.68,-18.312,-47.688,5.625,1788471884090.42,2.344,0.0111261808,0.00750445309,0.0168884007,0.44436,0,0,JSON,,,
333,172726,172800.0,0.221,-0.105,0.66,-21.062,-47.625,5.812,1788471884090.42,2.344,0.0111261808,0.00750445309,0.0168884007,0.44436,0,0,JSON,,,
334,172736,172800.0,0.24,-0.114,0.644,-22.75,-47.875,5.5,1788471884090.42,2.344,0.0111261808,0.00750445309,0.0168884007,0.44436,0,0,JSON,,,
335,172746,172800.0,0.279,-0.139,0.628,-23.312,-47.0,4.688,1788471884090.42,2.344,0.0111261808,0.00750445309,0.0168884007,0.44436,0,0,JSON,,,
336,172756,172800.0,0.291,-0.147,0.623,-22.562,-44.5,3.312,1788471884090.42,2.344,0.0111261808,0.00750445309,0.0168884007,0.44436,0,0,JSON,,,
337,172766,172800.0,0.296,-0.15,0.623,-20.125,-41.375,1.75,1788471884090.42,2.344,0.0111261808,0.00750445309,0.0168884007,0.44436,0,0,JSON,,,
338,172776,172800.0,0.309,-0.151,0.626,-15.75,-38.562,0.688,1788471884090.42,2.344,0.0111261808,0.00750445309,0.0168884007,0.44436,0,0,JSON,,,
339,172786,172800.0,0.348,-0.131,0.641,-10.25,-35.938,0.688,1788471884090.42,2.344,0.0111261808,0.00750445309,0.0168884007,0.44436,0,0,JSON,,,
340,172796,172800.0,0.356,-0.13,0.653,-5.188,-32.062,1.0,1788471884090.42,2.344,0.0111261808,0.00750445309,0.0168884007,0.44436,0,0,JSON,,,
341,172806,172900.0,0.358,-0.121,0.668,-0.5,-26.375,1.875,1788471884142.94,2.344,0.0111261808,0.00750445309,0.0168884007,0.44436,0,0,JSON,,,
342,172816,172900.0,0.395,-0.145,0.712,3.625,-19.688,3.125,1788471884142.94,2.344,0.0111261808,0.00750445309,0.0168884007,0.44436,0,0,JSON,,,
343,172826,172900.0,0.42,-0.159,0.758,6.0,-12.625,4.562,1788471884142.94,2.344,0.0111261808,0.00750445309,0.0168884007,0.44436,0,0,JSON,,,
344,172836,172900.0,0.437,-0.151,0.783,8.375,-4.062,5.812,1788471884142.94,2.344,0.0111261808,0.00750445309,0.0168884007,0.44436,0,0,JSON,,,
345,172846,172900.0,0.43,-0.145,0.807,9.375,5.25,5.25,1788471884142.94,2.344,0.0111261808,0.00750445309,0.0168884007,0.44436,0,0,JSON,,,
346,172856,172900.0,0.406,-0.152,0.853,8.75,14.5,2.875,1788471884142.94,2.344,0.0111261808,0.00750445309,0.0168884007,0.44436,0,0,JSON,,,
347,172866,172900.0,0.401,-0.153,0.874,7.688,22.375,0.0,1788471884142.94,2.344,0.0111261808,0.00750445309,0.0168884007,0.44436,0,0,JSON,,,
348,172876,172900.0,0.397,-0.147,0.897,7.125,28.062,-2.812,1788471884142.94,2.344,0.0111261808,0.00750445309,0.0168884007,0.44436,0,0,JSON,,,
349,172886,172900.0,0.398,-0.148,0.915,7.812,32.188,-4.25,1788471884142.94,2.344,0.0111261808,0.00750445309,0.0168884007,0.44436,0,0,JSON,,,
350,172896,172900.0,0.384,-0.153,0.93,8.688,34.812,-5.062,1788471884142.94,2.344,0.0111261808,0.00750445309,0.0168884007,0.44436,0,0,JSON,,,
351,172907,173000.0,0.376,-0.144,0.943,10.438,34.25,-4.562,1788471884294.09,2.344,0.0111261808,0.00750445309,0.0168884007,0.44436,0,0,JSON,,,
352,172916,173000.0,0.37,-0.137,0.955,12.688,30.812,-2.688,1788471884294.09,2.344,0.0111261808,0.00750445309,0.0168884007,0.44436,0,0,JSON,,,
353,172926,173000.0,0.352,-0.125,0.95,14.812,25.25,-0.375,1788471884294.09,2.344,0.0111261808,0.00750445309,0.0168884007,0.44436,0,0,JSON,,,
354,172936,173000.0,0.35,-0.117,0.944,16.062,16.375,2.375,1788471884294.09,2.344,0.0111261808,0.00750445309,0.0168884007,0.44436,0,0,JSON,,,
355,172946,173000.0,0.351,-0.118,0.94,16.312,6.0,4.938,1788471884294.09,2.344,0.0111261808,0.00750445309,0.0168884007,0.44436,0,0,JSON,,,
356,172956,173000.0,0.349,-0.121,0.927,15.312,-3.75,7.812,1788471884294.09,2.344,0.0111261808,0.00750445309,0.0168884007,0.44436,0,0,JSON,,,
357,172966,173000.0,0.352,-0.117,0.903,14.25,-12.125,10.125,1788471884294.09,2.344,0.0111261808,0.00750445309,0.0168884007,0.44436,0,0,JSON,,,
358,172976,173000.0,0.351,-0.11,0.898,13.375,-19.062,12.688,1788471884294.09,2.344,0.0111261808,0.00750445309,0.0168884007,0.44436,0,0,JSON,,,
359,172986,173000.0,0.352,-0.106,0.894,12.75,-24.0,15.0,1788471884294.09,2.344,0.0111261808,0.00750445309,0.0168884007,0.44436,0,0,JSON,,,
360,172996,173000.0,0.35,-0.096,0.885,13.0,-26.188,17.0,1788471884294.09,2.344,0.0111261808,0.00750445309,0.0168884007,0.44436,0,0,JSON,,,
361,173006,173100.0,0.344,-0.089,0.856,13.438,-26.812,18.688,1788471884343.79,2.344,0.0111261808,0.00750445309,0.0168884007,0.44436,0,0,JSON,,,
362,173016,173100.0,0.328,-0.082,0.82,14.125,-26.688,20.312,1788471884343.79,2.344,0.0111261808,0.00750445309,0.0168884007,0.44436,0,0,JSON,,,
363,173026,173100.0,0.31,-0.079,0.784,14.375,-26.5,21.938,1788471884343.79,2.344,0.0111261808,0.00750445309,0.0168884007,0.44436,0,0,JSON,,,
364,173036,173100.0,0.296,-0.077,0.748,14.438,-27.0,24.188,1788471884343.79,2.344,0.0111261808,0.00750445309,0.0168884007,0.44436,0,0,JSON,,,
365,173046,173100.0,0.274,-0.082,0.696,14.5,-27.5,26.312,1788471884343.79,2.344,0.0111261808,0.00750445309,0.0168884007,0.44436,0,0,JSON,,,
366,173056,173100.0,0.272,-0.09,0.679,15.0,-27.375,28.125,1788471884343.79,2.344,0.0111261808,0.00750445309,0.0168884007,0.44436,0,0,JSON,,,
367,173066,173100.0,0.269,-0.095,0.666,16.0,-26.5,28.688,1788471884343.79,2.344,0.0111261808,0.00750445309,0.0168884007,0.44436,0,0,JSON,,,
368,173076,173100.0,0.285,-0.082,0.658,17.562,-24.188,28.312,1788471884343.79,2.344,0.0111261808,0.00750445309,0.0168884007,0.44436,0,0,JSON,,,
369,173086,173100.0,0.3,-0.086,0.666,18.312,-19.5,27.25,1788471884343.79,2.344,0.0111261808,0.00750445309,0.0168884007,0.44436,0,0,JSON,,,
370,173096,173100.0,0.308,-0.095,0.669,17.5,-12.688,25.25,1788471884343.79,2.344,0.0111261808,0.00750445309,0.0168884007,0.44436,0,0,JSON,,,
371,173106,173200.0,0.322,-0.088,0.668,15.812,-2.938,23.562,1788471884440.47,2.344,0.0111261808,0.00750445309,0.0168884007,0.44436,0,0,JSON,,,
372,173116,173200.0,0.314,-0.118,0.678,13.75,8.188,21.938,1788471884440.47,2.344,0.0111261808,0.00750445309,0.0168884007,0.44436,0,0,JSON,,,
373,173126,173200.0,0.301,-0.14,0.699,12.875,19.125,20.062,1788471884440.47,2.344,0.0111261808,0.00750445309,0.0168884007,0.44436,0,0,JSON,,,
374,173136,173200.0,0.29,-0.145,0.739,15.5,28.5,17.875,1788471884440.47,2.344,0.0111261808,0.00750445309,0.0168884007,0.44436,0,0,JSON,,,
375,173146,173200.0,0.301,-0.123,0.784,21.562,34.188,15.688,1788471884440.47,2.344,0.0111261808,0.00750445309,0.0168884007,0.44436,0,0,JSON,,,
376,173156,173200.0,0.355,-0.091,0.882,27.625,36.438,12.938,1788471884440.47,2.344,0.0111261808,0.00750445309,0.0168884007,0.44436,0,0,JSON,,,
377,173166,173200.0,0.38,-0.072,0.924,31.125,37.312,9.625,1788471884440.47,2.344,0.0111261808,0.00750445309,0.0168884007,0.44436,0,0,JSON,,,
378,173176,173200.0,0.402,-0.074,0.959,32.062,39.0,7.5,1788471884440.47,2.344,0.0111261808,0.00750445309,0.0168884007,0.44436,0,0,JSON,,,
379,173186,173200.0,0.415,-0.075,1.0,30.125,42.312,6.062,1788471884440.47,2.344,0.0111261808,0.00750445309,0.0168884007,0.44436,0,0,JSON,,,
380,173196,173200.0,0.408,-0.088,1.021,26.688,46.375,5.438,1788471884440.47,2.344,0.0111261808,0.00750445309,0.0168884007,0.44436,0,0,JSON,,,
381,173206,173298.0,0.39,-0.094,1.036,23.0,49.875,5.188,1788471884538.07,2.344,0.0111261808,0.00750445309,0.0168884007,0.44436,0,0,JSON,,,
382,173216,173298.0,0.374,-0.084,1.051,20.688,51.875,5.625,1788471884538.07,2.344,0.0111261808,0.00750445309,0.0168884007,0.44436,0,0,JSON,,,
383,173226,173298.0,0.355,-0.069,1.072,19.0,51.812,7.0,1788471884538.07,2.344,0.0111261808,0.00750445309,0.0168884007,0.44436,0,0,JSON,,,
384,173236,173298.0,0.337,-0.072,1.078,16.562,49.75,9.625,1788471884538.07,2.344,0.0111261808,0.00750445309,0.0168884007,0.44436,0,0,JSON,,,
385,173246,173298.0,0.304,-0.072,1.08,13.562,46.438,12.875,1788471884538.07,2.344,0.0111261808,0.00750445309,0.0168884007,0.44436,0,0,JSON,,,
386,173256,173298.0,0.277,-0.077,1.07,10.125,42.062,16.875,1788471884538.07,2.344,0.0111261808,0.00750445309,0.0168884007,0.44436,0,0,JSON,,,
387,173266,173298.0,0.241,-0.111,1.033,6.25,36.438,21.5,1788471884538.07,2.344,0.0111261808,0.00750445309,0.0168884007,0.44436,0,0,JSON,,,
388,173276,173298.0,0.22,-0.14,1.005,1.875,30.438,25.0,1788471884538.07,2.344,0.0111261808,0.00750445309,0.0168884007,0.44436,0,0,JSON,,,
389,173286,173298.0,0.208,-0.162,0.977,-2.0,26.125,27.25,1788471884538.07,2.344,0.0111261808,0.00750445309,0.0168884007,0.44436,0,0,JSON,,,
390,173296,173298.0,0.193,-0.217,0.934,-4.562,23.25,28.062,1788471884538.07,2.344,0.0111261808,0.00750445309,0.0168884007,0.44436,0,0,JSON,,,
391,173306,173397.0,0.205,-0.237,0.941,-6.188,21.938,27.25,1788471884736.81,2.344,0.0111261808,0.00750445309,0.0168884007,0.44436,0,0,JSON,,,
392,173316,173397.0,0.226,-0.249,0.963,-6.062,22.438,25.0,1788471884736.81,2.344,0.0111261808,0.00750445309,0.0168884007,0.44436,0,0,JSON,,,
393,173326,173397.0,0.243,-0.27,0.977,-2.312,24.062,20.438,1788471884736.81,2.344,0.0111261808,0.00750445309,0.0168884007,0.44436,0,0,JSON,,,
394,173336,173397.0,0.288,-0.264,0.999,4.812,25.0,14.438,1788471884736.81,2.344,0.0111261808,0.00750445309,0.0168884007,0.44436,0,0,JSON,,,
395,173346,173397.0,0.331,-0.247,1.024,14.812,24.375,8.875,1788471884736.81,2.344,0.0111261808,0.00750445309,0.0168884007,0.44436,0,0,JSON,,,
396,173356,173397.0,0.367,-0.239,1.05,23.75,22.875,4.688,1788471884736.81,2.344,0.0111261808,0.00750445309,0.0168884007,0.44436,0,0,JSON,,,
397,173366,173397.0,0.409,-0.228,1.075,33.688,26.375,1.188,1788471884736.81,2.344,0.0111261808,0.00750445309,0.0168884007,0.44436,0,0,JSON,,,
398,173376,173397.0,0.463,-0.228,1.147,33.688,26.375,1.188,1788471884736.81,2.344,0.0111261808,0.00750445309,0.0168884007,0.44436,0,0,JSON,,,
399,173386,173397.0,0.475,-0.224,1.191,33.5,31.562,0.25,1788471884736.81,2.344,0.0111261808,0.00750445309,0.0168884007,0.44436,0,0,JSON,,,
400,173396,173397.0,0.491,-0.211,1.232,30.375,44.812,-4.312,1788471884736.81,2.344,0.0111261808,0.00750445309,0.0168884007,0.44436,0,0,JSON,,,
401,173406,173497.0,0.49,-0.204,1.261,28.125,50.312,-8.438,1788471884783.53,2.344,0.0111261808,0.00750445309,0.0168884007,0.44436,0,0,JSON,,,
402,173416,173497.0,0.478,-0.172,1.292,25.0,52.375,-11.438,1788471884783.53,2.344,0.0111261808,0.00750445309,0.0168884007,0.44436,0,0,JSON,,,
403,173426,173497.0,0.469,-0.154,1.304,19.438,51.188,-12.75,1788471884783.53,2.344,0.0111261808,0.00750445309,0.0168884007,0.44436,0,0,JSON,,,
404,173436,173497.0,0.445,-0.136,1.307,12.0,46.562,-11.562,1788471884783.53,2.344,0.0111261808,0.00750445309,0.0168884007,0.44436,0,0,JSON,,,
405,173446,173497.0,0.413,-0.123,1.315,3.625,38.438,-8.688,1788471884783.53,2.344,0.0111261808,0.00750445309,0.0168884007,0.44436,0,0,JSON,,,
406,173456,173497.0,0.394,-0.133,1.315,-4.5,27.438,-5.25,1788471884783.53,2.344,0.0111261808,0.00750445309,0.0168884007,0.44436,0,0,JSON,,,
407,173466,173497.0,0.365,-0.143,1.314,-10.625,14.25,-1.875,1788471884783.53,2.344,0.0111261808,0.00750445309,0.0168884007,0.44436,0,0,JSON,,,
408,173476,173497.0,0.351,-0.138,1.311,-15.312,-0.938,0.625,1788471884783.53,2.344,0.0111261808,0.00750445309,0.0168884007,0.44436,0,0,JSON,,,
409,173486,173497.0,0.345,-0.146,1.278,-20.062,-16.562,2.188,1788471884783.53,2.344,0.0111261808,0.00750445309,0.0168884007,0.44436,0,0,JSON,,,
410,173496,173497.0,0.349,-0.142,1.262,-25.125,-30.938,3.062,1788471884783.53,2.344,0.0111261808,0.00750445309,0.0168884007,0.44436,0,0,JSON,,,
411,173506,173597.0,0.355,-0.16,1.243,-31.188,-42.688,3.562,1788471884836.14,2.344,0.0111261808,0.00750445309,0.0168884007,0.44436,0,0,JSON,,,
412,173516,173597.0,0.358,-0.181,1.23,-36.25,-50.625,4.438,1788471884836.14,2.344,0.0111261808,0.00750445309,0.0168884007,0.44436,0,0,JSON,,,
413,173526,173597.0,0.368,-0.21,1.211,-40.062,-54.875,5.5,1788471884836.14,2.344,0.0111261808,0.00750445309,0.0168884007,0.44436,0,0,JSON,,,
414,173536,173597.0,0.363,-0.218,1.21,-43.25,-54.75,5.562,1788471884836.14,2.344,0.0111261808,0.00750445309,0.0168884007,0.44436,0,0,JSON,,,
415,173546,173597.0,0.358,-0.218,1.211,-45.688,-52.25,5.0,1788471884836.14,2.344,0.0111261808,0.00750445309,0.0168884007,0.44436,0,0,JSON,,,
416,173556,173597.0,0.338,-0.231,1.179,-48.5,-49.375,3.125,1788471884836.14,2.344,0.0111261808,0.00750445309,0.0168884007,0.44436,0,0,JSON,,,
417,173566,173597.0,0.326,-0.239,1.157,-52.0,-47.938,1.312,1788471884836.14,2.344,0.0111261808,0.00750445309,0.0168884007,0.44436,0,0,JSON,,,
418,173576,173597.0,0.315,-0.247,1.133,-54.938,-48.0,-0.562,1788471884836.14,2.344,0.0111261808,0.00750445309,0.0168884007,0.44436,0,0,JSON,,,
419,173586,173597.0,0.307,-0.259,1.108,-57.312,-48.375,-3.125,1788471884836.14,2.344,0.0111261808,0.00750445309,0.0168884007,0.44436,0,0,JSON,,,
420,173596,173597.0,0.293,-0.298,1.049,-58.062,-49.75,-5.875,1788471884836.14,2.344,0.0111261808,0.00750445309,0.0168884007,0.44436,0,0,JSON,,,
421,173606,173697.0,0.288,-0.316,1.028,-57.438,-51.875,-8.5,1788471884937.08,2.344,0.0111261808,0.00750445309,0.0168884007,0.44436,0,0,JSON,,,
422,173616,173697.0,0.281,-0.327,1.008,-56.125,-54.875,-11.438,1788471884937.08,2.344,0.0111261808,0.00750445309,0.0168884007,0.44436,0,0,JSON,,,
423,173626,173697.0,0.282,-0.33,0.999,-53.562,-58.125,-14.438,1788471884937.08,2.344,0.0111261808,0.00750445309,0.0168884007,0.44436,0,0,JSON,,,
424,173636,173697.0,0.285,-0.331,0.956,-50.5,-61.0,-18.25,1788471884937.08,2.344,0.0111261808,0.00750445309,0.0168884007,0.44436,0,0,JSON,,,
425,173646,173697.0,0.282,-0.319,0.943,-47.25,-63.812,-22.688,1788471884937.08,2.344,0.0111261808,0.00750445309,0.0168884007,0.44436,0,0,JSON,,,
426,173656,173697.0,0.282,-0.314,0.923,-43.562,-66.75,-26.688,1788471884937.08,2.344,0.0111261808,0.00750445309,0.0168884007,0.44436,0,0,JSON,,,
427,173666,173697.0,0.284,-0.308,0.903,-39.75,-69.25,-29.625,1788471884937.08,2.344,0.0111261808,0.00750445309,0.0168884007,0.44436,0,0,JSON,,,
428,173676,173697.0,0.295,-0.292,0.854,-35.938,-71.5,-31.688,1788471884937.08,2.344,0.0111261808,0.00750445309,0.0168884007,0.44436,0,0,JSON,,,
429,173686,173697.0,0.295,-0.284,0.845,-32.875,-73.25,-33.062,1788471884937.08,2.344,0.0111261808,0.00750445309,0.0168884007,0.44436,0,0,JSON,,,
430,173696,173697.0,0.306,-0.243,0.849,-31.312,-75.375,-33.062,1788471884937.08,2.344,0.0111261808,0.00750445309,0.0168884007,0.44436,0,0,JSON,,,
431,173706,173797.0,0.362,-0.182,0.876,-33.438,-76.188,-32.625,1788471885038.0,2.344,0.0111261808,0.00750445309,0.0168884007,0.44436,0,0,JSON,,,
432,173716,173797.0,0.388,-0.181,0.875,-39.438,-74.125,-31.25,1788471885038.0,2.344,0.0111261808,0.00750445309,0.0168884007,0.44436,0,0,JSON,,,
433,173726,173797.0,0.395,-0.192,0.866,-47.5,-69.188,-29.938,1788471885038.0,2.344,0.0111261808,0.00750445309,0.0168884007,0.44436,0,0,JSON,,,
434,173736,173797.0,0.388,-0.196,0.844,-55.312,-62.812,-28.25,1788471885038.0,2.344,0.0111261808,0.00750445309,0.0168884007,0.44436,0,0,JSON,,,
435,173746,173797.0,0.374,-0.227,0.801,-62.312,-56.5,-27.375,1788471885038.0,2.344,0.0111261808,0.00750445309,0.0168884007,0.44436,0,0,JSON,,,
436,173756,173797.0,0.363,-0.241,0.778,-65.625,-50.312,-28.062,1788471885038.0,2.344,0.0111261808,0.00750445309,0.0168884007,0.44436,0,0,JSON,,,
437,173766,173797.0,0.359,-0.246,0.754,-64.562,-45.0,-29.688,1788471885038.0,2.344,0.0111261808,0.00750445309,0.0168884007,0.44436,0,0,JSON,,,
438,173776,173797.0,0.35,-0.256,0.735,-60.062,-41.5,-32.812,1788471885038.0,2.344,0.0111261808,0.00750445309,0.0168884007,0.44436,0,0,JSON,,,
439,173786,173797.0,0.348,-0.261,0.696,-53.125,-40.438,-35.562,1788471885038.0,2.344,0.0111261808,0.00750445309,0.0168884007,0.44436,0,0,JSON,,,
440,173796,173797.0,0.353,-0.243,0.677,-46.062,-41.5,-37.938,1788471885038.0,2.344,0.0111261808,0.00750445309,0.0168884007,0.44436,0,0,JSON,,,
441,173806,173897.0,0.36,-0.233,0.659,-40.875,-43.25,-39.188,1788471885217.32,2.344,0.0111261808,0.00750445309,0.0168884007,0.44436,0,0,JSON,,,
442,173816,173897.0,0.377,-0.203,0.635,-37.688,-44.062,-38.25,1788471885217.32,2.344,0.0111261808,0.00750445309,0.0168884007,0.44436,0,0,JSON,,,
443,173826,173897.0,0.384,-0.191,0.625,-36.0,-43.0,-36.5,1788471885217.32,2.344,0.0111261808,0.00750445309,0.0168884007,0.44436,0,0,JSON,,,
444,173836,173897.0,0.39,-0.179,0.624,-35.812,-40.438,-34.062,1788471885217.32,2.344,0.0111261808,0.00750445309,0.0168884007,0.44436,0,0,JSON,,,
445,173846,173897.0,0.397,-0.171,0.618,-36.75,-36.562,-32.062,1788471885217.32,2.344,0.0111261808,0.00750445309,0.0168884007,0.44436,0,0,JSON,,,
446,173856,173897.0,0.403,-0.153,0.593,-38.438,-32.0,-31.188,1788471885217.32,2.344,0.0111261808,0.00750445309,0.0168884007,0.44436,0,0,JSON,,,
447,173866,173897.0,0.41,-0.152,0.574,-40.688,-28.125,-30.688,1788471885217.32,2.344,0.0111261808,0.00750445309,0.0168884007,0.44436,0,0,JSON,,,
448,173876,173897.0,0.415,-0.161,0.557,-42.5,-24.75,-30.25,1788471885217.32,2.344,0.0111261808,0.00750445309,0.0168884007,0.44436,0,0,JSON,,,
449,173886,173897.0,0.42,-0.172,0.539,-42.562,-21.438,-29.5,1788471885217.32,2.344,0.0111261808,0.00750445309,0.0168884007,0.44436,0,0,JSON,,,
450,173896,173897.0,0.434,-0.182,0.527,-40.5,-17.375,-28.0,1788471885217.32,2.344,0.0111261808,0.00750445309,0.0168884007,0.44436,0,0,JSON,,,
451,173906,173997.0,0.432,-0.185,0.522,-36.812,-11.75,-27.688,1788471885358.02,2.344,0.0111261808,0.00750445309,0.0168884007,0.44436,0,0,JSON,,,
452,173916,173997.0,0.421,-0.176,0.516,-31.688,-5.438,-28.312,1788471885358.02,2.344,0.0111261808,0.00750445309,0.0168884007,0.44436,0,0,JSON,,,
453,173926,173997.0,0.413,-0.167,0.515,-26.062,-0.438,-28.938,1788471885358.02,2.344,0.0111261808,0.00750445309,0.0168884007,0.44436,0,0,JSON,,,
454,173936,173997.0,0.409,-0.13,0.509,-20.5,2.75,-29.375,1788471885358.02,2.344,0.0111261808,0.00750445309,0.0168884007,0.44436,0,0,JSON,,,
455,173946,173997.0,0.403,-0.113,0.505,-15.25,3.375,-29.938,1788471885358.02,2.344,0.0111261808,0.00750445309,0.0168884007,0.44436,0,0,JSON,,,
456,173956,173997.0,0.403,-0.103,0.494,-10.062,2.188,-28.938,1788471885358.02,2.344,0.0111261808,0.00750445309,0.0168884007,0.44436,0,0,JSON,,,
457,173966,173997.0,0.403,-0.069,0.508,-4.0,-0.375,-26.312,1788471885358.02,2.344,0.0111261808,0.00750445309,0.0168884007,0.44436,0,0,JSON,,,
458,173976,173997.0,0.419,-0.035,0.527,2.0,-3.312,-22.188,1788471885358.02,2.344,0.0111261808,0.00750445309,0.0168884007,0.44436,0,0,JSON,,,
459,173986,173997.0,0.437,-0.015,0.549,6.375,-5.375,-18.625,1788471885358.02,2.344,0.0111261808,0.00750445309,0.0168884007,0.44436,0,0,JSON,,,
460,173996,173997.0,0.455,0.032,0.58,9.688,-6.438,-15.062,1788471885358.02,2.344,0.0111261808,0.00750445309,0.0168884007,0.44436,0,0,JSON,,,
461,174006,174097.0,0.573,0.118,0.63,8.938,-7.062,-10.812,1788471885442.8,2.344,0.0111261808,0.00750445309,0.0168884007,0.44436,0,0,JSON,,,
462,174016,174097.0,0.611,0.106,0.631,5.875,-5.375,-6.688,1788471885442.8,2.344,0.0111261808,0.00750445309,0.0168884007,0.44436,0,0,JSON,,,
463,174026,174097.0,0.624,0.069,0.618,5.812,-3.5,-0.938,1788471885442.8,2.344,0.0111261808,0.00750445309,0.0168884007,0.44436,0,0,JSON,,,
464,174036,174097.0,0.69,0.116,0.643,10.375,0.312,4.438,1788471885442.8,2.344,0.0111261808,0.00750445309,0.0168884007,0.44436,0,0,JSON,,,
465,174046,174097.0,0.654,0.019,0.649,3.125,15.125,9.25,1788471885442.8,2.344,0.0111261808,0.00750445309,0.0168884007,0.44436,0,0,JSON,,,
466,174056,174097.0,0.637,0.0,0.674,10.062,23.25,12.938,1788471885442.8,2.344,0.0111261808,0.00750445309,0.0168884007,0.44436,0,0,JSON,,,
467,174066,174097.0,0.634,0.009,0.694,20.25,28.0,15.938,1788471885442.8,2.344,0.0111261808,0.00750445309,0.0168884007,0.44436,0,0,JSON,,,
468,174076,174097.0,0.667,0.019,0.764,29.688,26.25,18.312,1788471885442.8,2.344,0.0111261808,0.00750445309,0.0168884007,0.44436,0,0,JSON,,,
469,174086,174097.0,0.705,0.036,0.812,36.0,19.875,21.875,1788471885442.8,2.344,0.0111261808,0.00750445309,0.0168884007,0.44436,0,0,JSON,,,
470,174096,174097.0,0.753,0.062,0.844,37.375,10.938,26.875,1788471885442.8,2.344,0.0111261808,0.00750445309,0.0168884007,0.44436,0,0,JSON,,,
471,174106,174197.0,0.799,0.061,0.861,32.688,4.25,31.875,1788471885521.75,2.344,0.0111261808,0.00750445309,0.0168884007,0.44436,0,0,JSON,,,
472,174116,174197.0,0.858,0.007,0.886,24.438,3.0,35.812,1788471885521.75,2.344,0.0111261808,0.00750445309,0.0168884007,0.44436,0,0,JSON,,,
473,174126,174197.0,0.871,-0.03,0.885,16.875,8.0,37.938,1788471885521.75,2.344,0.0111261808,0.00750445309,0.0168884007,0.44436,0,0,JSON,,,
474,174136,174197.0,0.824,-0.082,0.864,12.312,16.5,37.562,1788471885521.75,2.344,0.0111261808,0.00750445309,0.0168884007,0.44436,0,0,JSON,,,
475,174146,174197.0,0.768,-0.123,0.821,10.688,13.125,34.688,1788471885521.75,2.344,0.0111261808,0.00750445309,0.0168884007,0.44436,0,0,JSON,,,
476,174156,174197.0,0.935,-0.26,0.964,12.812,4.688,36.125,1788471885521.75,2.344,0.0111261808,0.00750445309,0.0168884007,0.44436,0,0,JSON,,,
477,174166,174197.0,0.822,-0.251,0.908,24.438,13.062,35.938,1788471885521.75,2.344,0.0111261808,0.00750445309,0.0168884007,0.44436,0,0,JSON,,,
478,174176,174197.0,0.885,-0.218,0.884,35.062,15.938,42.375,1788471885521.75,2.344,0.0111261808,0.00750445309,0.0168884007,0.44436,0,0,JSON,,,
479,174186,174197.0,0.864,-0.249,0.898,41.375,8.75,39.75,1788471885521.75,2.344,0.0111261808,0.00750445309,0.0168884007,0.44436,0,0,JSON,,,
480,174196,174197.0,0.817,-0.25,0.91,45.625,5.0,40.25,1788471885521.75,2.344,0.0111261808,0.00750445309,0.0168884007,0.44436,0,0,JSON,,,
481,174206,174297.0,0.793,-0.262,0.902,48.25,4.75,42.188,1788471885573.17,2.344,0.0111261808,0.00750445309,0.0168884007,0.44436,0,0,JSON,,,
482,174216,174297.0,0.791,-0.254,0.883,50.125,4.5,45.312,1788471885573.17,2.344,0.0111261808,0.00750445309,0.0168884007,0.44436,0,0,JSON,,,
483,174226,174297.0,0.814,-0.264,0.898,49.688,7.0,49.125,1788471885573.17,2.344,0.0111261808,0.00750445309,0.0168884007,0.44436,0,0,JSON,,,
484,174236,174297.0,0.783,-0.269,0.885,49.875,17.062,52.875,1788471885573.17,2.344,0.0111261808,0.00750445309,0.0168884007,0.44436,0,0,JSON,,,
485,174246,174297.0,0.729,-0.27,0.875,50.188,32.188,56.312,1788471885573.17,2.344,0.0111261808,0.00750445309,0.0168884007,0.44436,0,0,JSON,,,
486,174256,174297.0,0.659,-0.273,0.863,49.812,46.125,58.875,1788471885573.17,2.344,0.0111261808,0.00750445309,0.0168884007,0.44436,0,0,JSON,,,
487,174266,174297.0,0.499,-0.275,0.847,48.625,54.312,60.562,1788471885573.17,2.344,0.0111261808,0.00750445309,0.0168884007,0.44436,0,0,JSON,,,
488,174276,174297.0,0.425,-0.28,0.856,47.25,55.375,61.312,1788471885573.17,2.344,0.0111261808,0.00750445309,0.0168884007,0.44436,0,0,JSON,,,
489,174286,174297.0,0.371,-0.274,0.863,46.312,48.688,63.0,1788471885573.17,2.344,0.0111261808,0.00750445309,0.0168884007,0.44436,0,0,JSON,,,
490,174296,174297.0,0.32,-0.277,0.869,45.125,36.188,64.562,1788471885573.17,2.344,0.0111261808,0.00750445309,0.0168884007,0.44436,0,0,JSON,,,
491,174306,174397.0,0.2,-0.303,0.873,44.5,20.25,66.625,1788471885637.18,2.344,0.0111261808,0.00750445309,0.0168884007,0.44436,0,0,JSON,,,
492,174316,174397.0,0.156,-0.313,0.879,45.5,3.125,68.375,1788471885637.18,2.344,0.0111261808,0.00750445309,0.0168884007,0.44436,0,0,JSON,,,
493,174326,174397.0,0.126,-0.32,0.884,47.812,-13.375,69.625,1788471885637.18,2.344,0.0111261808,0.00750445309,0.0168884007,0.44436,0,0,JSON,,,
494,174337,174397.0,0.096,-0.323,0.878,50.062,-28.375,69.0,1788471885637.18,2.344,0.0111261808,0.00750445309,0.0168884007,0.44436,0,0,JSON,,,
495,174346,174397.0,0.089,-0.318,0.877,50.938,-39.312,66.625,1788471885637.18,2.344,0.0111261808,0.00750445309,0.0168884007,0.44436,0,0,JSON,,,
496,174356,174397.0,0.092,-0.313,0.875,50.188,-45.688,63.062,1788471885637.18,2.344,0.0111261808,0.00750445309,0.0168884007,0.44436,0,0,JSON,,,
497,174366,174397.0,0.1,-0.311,0.868,47.438,-47.688,58.5,1788471885637.18,2.344,0.0111261808,0.00750445309,0.0168884007,0.44436,0,0,JSON,,,
498,174376,174397.0,0.099,-0.292,0.842,42.875,-46.5,53.625,1788471885637.18,2.344,0.0111261808,0.00750445309,0.0168884007,0.44436,0,0,JSON,,,
499,174386,174397.0,0.102,-0.283,0.827,36.562,-43.375,50.625,1788471885637.18,2.344,0.0111261808,0.00750445309,0.0168884007,0.44436,0,0,JSON,,,
500,174396,174397.0,0.099,-0.288,0.808,29.0,-38.062,50.0,1788471885637.18,2.344,0.0111261808,0.00750445309,0.0168884007,0.44436,0,0,JSON,,,
501,174406,174497.0,0.087,-0.301,0.791,20.562,-30.75,51.062,1788471885829.75,2.344,0.0111261808,0.00750445309,0.0168884007,0.44436,0,0,JSON,,,
502,174416,174497.0,0.052,-0.342,0.75,11.938,-21.375,53.125,1788471885829.75,2.344,0.0111261808,0.00750445309,0.0168884007,0.44436,0,0,JSON,,,
503,174426,174497.0,0.046,-0.372,0.752,3.5,-10.062,54.562,1788471885829.75,2.344,0.0111261808,0.00750445309,0.0168884007,0.44436,0,0,JSON,,,
504,174436,174497.0,0.025,-0.405,0.745,-2.312,3.5,53.062,1788471885829.75,2.344,0.0111261808,0.00750445309,0.0168884007,0.44436,0,0,JSON,,,
505,174446,174497.0,-0.003,-0.438,0.738,-5.25,17.125,48.562,1788471885829.75,2.344,0.0111261808,0.00750445309,0.0168884007,0.44436,0,0,JSON,,,
506,174456,174497.0,-0.033,-0.517,0.72,-4.812,26.812,41.188,1788471885829.75,2.344,0.0111261808,0.00750445309,0.0168884007,0.44436,0,0,JSON,,,
507,174466,174497.0,-0.039,-0.542,0.721,-0.5,30.312,30.625,1788471885829.75,2.344,0.0111261808,0.00750445309,0.0168884007,0.44436,0,0,JSON,,,
508,174476,174497.0,-0.029,-0.553,0.73,7.5,28.188,18.0,1788471885829.75,2.344,0.0111261808,0.00750445309,0.0168884007,0.44436,0,0,JSON,,,
509,174486,174497.0,0.053,-0.525,0.743,17.438,22.438,7.0,1788471885829.75,2.344,0.0111261808,0.00750445309,0.0168884007,0.44436,0,0,JSON,,,
510,174496,174497.0,0.117,-0.484,0.769,25.188,16.438,0.0,1788471885829.75,2.344,0.0111261808,0.00750445309,0.0168884007,0.44436,0,0,JSON,,,
511,174506,174611.0,0.172,-0.46,0.804,29.375,15.438,-5.438,1788471885952.49,2.344,0.00895618695,0.00204916553,0.0120273877,0.17037,0,0,JSON,,,
512,174516,174611.0,0.222,-0.45,0.855,28.688,21.562,-8.938,1788471885952.49,2.344,0.00895618695,0.00204916553,0.0120273877,0.17037,0,0,JSON,,,
513,174540,174611.0,0.281,-0.47,0.951,17.938,48.0,-11.938,1788471885952.49,2.344,0.00895618695,0.00204916553,0.0120273877,0.17037,0,0,JSON,,,
514,174550,174611.0,0.278,-0.497,0.987,12.0,59.812,-14.25,1788471885952.49,2.344,0.00895618695,0.00204916553,0.0120273877,0.17037,0,0,JSON,,,
515,174560,174611.0,0.275,-0.514,1.025,8.938,68.75,-18.688,1788471885952.49,2.344,0.00895618695,0.00204916553,0.0120273877,0.17037,0,0,JSON,,,
516,174570,174611.0,0.266,-0.521,1.076,7.5,75.438,-25.562,1788471885952.49,2.344,0.00895618695,0.00204916553,0.0120273877,0.17037,0,0,JSON,,,
517,174580,174611.0,0.262,-0.511,1.101,6.562,79.062,-34.688,1788471885952.49,2.344,0.00895618695,0.00204916553,0.0120273877,0.17037,0,0,JSON,,,
518,174590,174611.0,0.281,-0.484,1.128,5.562,78.25,-44.5,1788471885952.49,2.344,0.00895618695,0.00204916553,0.0120273877,0.17037,0,0,JSON,,,
519,174600,174611.0,0.344,-0.435,1.199,3.688,73.688,-53.062,1788471885952.49,2.344,0.00895618695,0.00204916553,0.0120273877,0.17037,0,0,JSON,,,
520,174610,174611.0,0.359,-0.401,1.218,0.875,68.25,-59.0,1788471885952.49,2.344,0.00895618695,0.00204916553,0.0120273877,0.17037,0,0,JSON,,,
521,174620,174711.0,0.354,-0.388,1.236,-3.688,62.562,-62.438,1788471886017.78,2.344,0.00895618695,0.00204916553,0.0120273877,0.17037,0,0,JSON,,,
522,174630,174711.0,0.363,-0.356,1.243,-9.625,54.375,-63.5,1788471886017.78,2.344,0.00895618695,0.00204916553,0.0120273877,0.17037,0,0,JSON,,,
523,174640,174711.0,0.375,-0.364,1.278,-17.375,43.875,-61.375,1788471886017.78,2.344,0.00895618695,0.00204916553,0.0120273877,0.17037,0,0,JSON,,,
524,174650,174711.0,0.372,-0.324,1.252,-18.125,29.5,-58.062,1788471886017.78,2.344,0.00895618695,0.00204916553,0.0120273877,0.17037,0,0,JSON,,,
525,174660,174711.0,0.38,-0.311,1.254,-25.125,22.312,-54.875,1788471886017.78,2.344,0.00895618695,0.00204916553,0.0120273877,0.17037,0,0,JSON,,,
526,174670,174711.0,0.384,-0.313,1.271,-34.688,18.062,-53.25,1788471886017.78,2.344,0.00895618695,0.00204916553,0.0120273877,0.17037,0,0,JSON,,,
527,174680,174711.0,0.391,-0.302,1.263,-43.938,17.625,-54.062,1788471886017.78,2.344,0.00895618695,0.00204916553,0.0120273877,0.17037,0,0,JSON,,,
528,174690,174711.0,0.389,-0.289,1.221,-53.062,19.25,-57.625,1788471886017.78,2.344,0.00895618695,0.00204916553,0.0120273877,0.17037,0,0,JSON,,,
529,174700,174711.0,0.405,-0.289,1.188,-61.188,18.438,-60.188,1788471886017.78,2.344,0.00895618695,0.00204916553,0.0120273877,0.17037,0,0,JSON,,,
530,174710,174711.0,0.407,-0.297,1.159,-67.188,15.562,-63.438,1788471886017.78,2.344,0.00895618695,0.00204916553,0.0120273877,0.17037,0,0,JSON,,,
531,174720,174811.0,0.401,-0.294,1.058,-70.438,13.875,-65.0,1788471886136.49,2.344,0.00895618695,0.00204916553,0.0120273877,0.17037,0,0,JSON,,,
532,174730,174811.0,0.41,-0.296,1.014,-72.688,10.688,-63.625,1788471886136.49,2.344,0.00895618695,0.00204916553,0.0120273877,0.17037,0,0,JSON,,,
533,174740,174811.0,0.411,-0.289,0.972,-73.062,5.562,-60.5,1788471886136.49,2.344,0.00895618695,0.00204916553,0.0120273877,0.17037,0,0,JSON,,,
534,174750,174811.0,0.407,-0.295,0.932,-73.188,-0.312,-56.625,1788471886136.49,2.344,0.00895618695,0.00204916553,0.0120273877,0.17037,0,0,JSON,,,
535,174760,174811.0,0.412,-0.296,0.915,-72.375,-7.125,-52.812,1788471886136.49,2.344,0.00895618695,0.00204916553,0.0120273877,0.17037,0,0,JSON,,,
536,174770,174811.0,0.426,-0.291,0.894,-69.688,-14.188,-50.688,1788471886136.49,2.344,0.00895618695,0.00204916553,0.0120273877,0.17037,0,0,JSON,,,
537,174780,174811.0,0.438,-0.279,0.887,-67.062,-21.062,-49.25,1788471886136.49,2.344,0.00895618695,0.00204916553,0.0120273877,0.17037,0,0,JSON,,,
538,174790,174811.0,0.475,-0.251,0.873,-65.25,-25.875,-49.312,1788471886136.49,2.344,0.00895618695,0.00204916553,0.0120273877,0.17037,0,0,JSON,,,
539,174800,174811.0,0.493,-0.249,0.875,-64.938,-28.875,-50.125,1788471886136.49,2.344,0.00895618695,0.00204916553,0.0120273877,0.17037,0,0,JSON,,,
540,174810,174811.0,0.517,-0.242,0.861,-64.438,-31.5,-51.562,1788471886136.49,2.344,0.00895618695,0.00204916553,0.0120273877,0.17037,0,0,JSON,,,
541,174820,174911.0,0.54,-0.243,0.858,-62.625,-34.562,-53.562,1788471886187.66,2.344,0.00895618695,0.00204916553,0.0120273877,0.17037,0,0,JSON,,,
542,174830,174911.0,0.595,-0.225,0.866,-59.312,-38.625,-54.812,1788471886187.66,2.344,0.00895618695,0.00204916553,0.0120273877,0.17037,0,0,JSON,,,
543,174840,174911.0,0.621,-0.213,0.869,-55.125,-42.438,-55.0,1788471886187.66,2.344,0.00895618695,0.00204916553,0.0120273877,0.17037,0,0,JSON,,,
544,174850,174911.0,0.636,-0.185,0.86,-51.875,-45.312,-53.438,1788471886187.66,2.344,0.00895618695,0.00204916553,0.0120273877,0.17037,0,0,JSON,,,
545,174860,174911.0,0.642,-0.151,0.841,-51.312,-47.0,-50.562,1788471886187.66,2.344,0.00895618695,0.00204916553,0.0120273877,0.17037,0,0,JSON,,,
546,174870,174911.0,0.642,-0.148,0.829,-53.0,-48.75,-46.375,1788471886187.66,2.344,0.00895618695,0.00204916553,0.0120273877,0.17037,0,0,JSON,,,
547,174880,174911.0,0.653,-0.155,0.819,-55.0,-48.562,-41.812,1788471886187.66,2.344,0.00895618695,0.00204916553,0.0120273877,0.17037,0,0,JSON,,,
548,174890,174911.0,0.648,-0.17,0.812,-56.938,-46.562,-37.812,1788471886187.66,2.344,0.00895618695,0.00204916553,0.0120273877,0.17037,0,0,JSON,,,
549,174900,174911.0,0.61,-0.15,0.777,-57.812,-42.75,-34.25,1788471886187.66,2.344,0.00895618695,0.00204916553,0.0120273877,0.17037,0,0,JSON,,,
550,174910,174911.0,0.587,-0.154,0.777,-57.75,-37.75,-31.125,1788471886187.66,2.344,0.00895618695,0.00204916553,0.0120273877,0.17037,0,0,JSON,,,
551,174920,175011.0,0.569,-0.154,0.767,-57.5,-32.188,-29.312,1788471886352.59,2.344,0.00895618695,0.00204916553,0.0120273877,0.17037,0,0,JSON,,,
552,174930,175011.0,0.538,-0.155,0.752,-56.438,-25.688,-28.125,1788471886352.59,2.344,0.00895618695,0.00204916553,0.0120273877,0.17037,0,0,JSON,,,
553,174940,175011.0,0.473,-0.164,0.701,-53.938,-20.312,-26.938,1788471886352.59,2.344,0.00895618695,0.00204916553,0.0120273877,0.17037,0,0,JSON,,,
554,174950,175011.0,0.438,-0.164,0.677,-50.812,-17.438,-25.375,1788471886352.59,2.344,0.00895618695,0.00204916553,0.0120273877,0.17037,0,0,JSON,,,
555,174960,175011.0,0.406,-0.164,0.665,-47.125,-16.562,-23.938,1788471886352.59,2.344,0.00895618695,0.00204916553,0.0120273877,0.17037,0,0,JSON,,,
556,174970,175011.0,0.379,-0.168,0.658,-43.125,-17.188,-23.062,1788471886352.59,2.344,0.00895618695,0.00204916553,0.0120273877,0.17037,0,0,JSON,,,
557,174980,175011.0,0.331,-0.163,0.654,-38.438,-18.562,-22.875,1788471886352.59,2.344,0.00895618695,0.00204916553,0.0120273877,0.17037,0,0,JSON,,,
558,174990,175011.0,0.314,-0.156,0.647,-33.25,-19.75,-23.062,1788471886352.59,2.344,0.00895618695,0.00204916553,0.0120273877,0.17037,0,0,JSON,,,
559,175000,175011.0,0.306,-0.148,0.651,-29.188,-20.0,-24.562,1788471886352.59,2.344,0.00895618695,0.00204916553,0.0120273877,0.17037,0,0,JSON,,,
560,175010,175011.0,0.265,-0.142,0.643,-26.438,-18.25,-27.188,1788471886352.59,2.344,0.00895618695,0.00204916553,0.0120273877,0.17037,0,0,JSON,,,
561,175020,175111.0,0.251,-0.124,0.619,-24.125,-14.688,-31.062,1788471886406.49,2.344,0.00895618695,0.00204916553,0.0120273877,0.17037,0,0,JSON,,,
562,175030,175111.0,0.244,-0.124,0.603,-23.375,-10.75,-35.188,1788471886406.49,2.344,0.00895618695,0.00204916553,0.0120273877,0.17037,0,0,JSON,,,
563,175040,175111.0,0.237,-0.122,0.579,-23.875,-7.062,-39.25,1788471886406.49,2.344,0.00895618695,0.00204916553,0.0120273877,0.17037,0,0,JSON,,,
564,175050,175111.0,0.244,-0.118,0.533,-24.0,-2.312,-43.0,1788471886406.49,2.344,0.00895618695,0.00204916553,0.0120273877,0.17037,0,0,JSON,,,
565,175060,175111.0,0.26,-0.135,0.518,-24.875,3.875,-46.75,1788471886406.49,2.344,0.00895618695,0.00204916553,0.0120273877,0.17037,0,0,JSON,,,
566,175070,175111.0,0.269,-0.146,0.499,-25.938,11.625,-50.062,1788471886406.49,2.344,0.00895618695,0.00204916553,0.0120273877,0.17037,0,0,JSON,,,
567,175080,175111.0,0.261,-0.161,0.476,-26.062,21.25,-53.5,1788471886406.49,2.344,0.00895618695,0.00204916553,0.0120273877,0.17037,0,0,JSON,,,
568,175090,175111.0,0.247,-0.194,0.455,-24.938,30.625,-57.0,1788471886406.49,2.344,0.00895618695,0.00204916553,0.0120273877,0.17037,0,0,JSON,,,
569,175100,175111.0,0.24,-0.218,0.463,-21.938,38.375,-60.375,1788471886406.49,2.344,0.00895618695,0.00204916553,0.0120273877,0.17037,0,0,JSON,,,
570,175110,175111.0,0.214,-0.237,0.466,-16.062,43.688,-63.312,1788471886406.49,2.344,0.00895618695,0.00204916553,0.0120273877,0.17037,0,0,JSON,,,
571,175120,175211.0,0.183,-0.241,0.497,-6.562,41.875,-64.688,1788471886551.04,2.344,0.00895618695,0.00204916553,0.0120273877,0.17037,0,0,JSON,,,
572,175130,175211.0,0.253,-0.205,0.502,7.562,21.875,-65.312,1788471886551.04,2.344,0.00895618695,0.00204916553,0.0120273877,0.17037,0,0,JSON,,,
573,175140,175211.0,0.176,-0.233,0.511,13.125,16.312,-64.875,1788471886551.04,2.344,0.00895618695,0.00204916553,0.0120273877,0.17037,0,0,JSON,,,
574,175150,175211.0,0.308,-0.182,0.508,21.0,15.375,-59.562,1788471886551.04,2.344,0.00895618695,0.00204916553,0.0120273877,0.17037,0,0,JSON,,,
575,175160,175211.0,0.291,-0.199,0.548,27.5,15.5,-58.188,1788471886551.04,2.344,0.00895618695,0.00204916553,0.0120273877,0.17037,0,0,JSON,,,
576,175170,175211.0,0.319,-0.173,0.597,32.625,17.062,-63.875,1788471886551.04,2.344,0.00895618695,0.00204916553,0.0120273877,0.17037,0,0,JSON,,,
577,175180,175211.0,0.359,-0.161,0.645,34.688,18.125,-67.125,1788471886551.04,2.344,0.00895618695,0.00204916553,0.0120273877,0.17037,0,0,JSON,,,
578,175190,175211.0,0.416,-0.123,0.69,37.75,17.312,-70.0,1788471886551.04,2.344,0.00895618695,0.00204916553,0.0120273877,0.17037,0,0,JSON,,,
579,175200,175211.0,0.59,-0.027,0.785,41.438,14.062,-70.188,1788471886551.04,2.344,0.00895618695,0.00204916553,0.0120273877,0.17037,0,0,JSON,,,
580,175210,175211.0,0.679,0.001,0.81,43.312,8.125,-66.875,1788471886551.04,2.344,0.00895618695,0.00204916553,0.0120273877,0.17037,0,0,JSON,,,
581,175220,175311.0,0.731,0.025,0.805,41.312,2.438,-59.812,1788471886651.9,2.344,0.00895618695,0.00204916553,0.0120273877,0.17037,0,0,JSON,,,
582,175230,175311.0,0.781,0.006,0.802,38.125,-3.062,-49.0,1788471886651.9,2.344,0.00895618695,0.00204916553,0.0120273877,0.17037,0,0,JSON,,,
583,175240,175311.0,0.886,-0.012,0.804,37.438,-10.75,-36.5,1788471886651.9,2.344,0.00895618695,0.00204916553,0.0120273877,0.17037,0,0,JSON,,,
584,175250,175311.0,0.931,-0.037,0.788,46.125,-17.562,-23.75,1788471886651.9,2.344,0.00895618695,0.00204916553,0.0120273877,0.17037,0,0,JSON,,,
585,175260,175311.0,0.885,-0.09,0.8,37.0,3.312,-11.5,1788471886651.9,2.344,0.00895618695,0.00204916553,0.0120273877,0.17037,0,0,JSON,,,
586,175270,175311.0,0.876,-0.075,0.833,40.438,12.875,-2.125,1788471886651.9,2.344,0.00895618695,0.00204916553,0.0120273877,0.17037,0,0,JSON,,,
587,175280,175311.0,0.89,-0.061,0.862,47.625,15.625,4.5,1788471886651.9,2.344,0.00895618695,0.00204916553,0.0120273877,0.17037,0,0,JSON,,,
588,175290,175311.0,0.911,-0.05,0.897,50.25,23.938,9.125,1788471886651.9,2.344,0.00895618695,0.00204916553,0.0120273877,0.17037,0,0,JSON,,,
589,175300,175311.0,0.912,-0.048,0.907,50.375,39.812,14.625,1788471886651.9,2.344,0.00895618695,0.00204916553,0.0120273877,0.17037,0,0,JSON,,,
590,175310,175311.0,0.88,-0.054,0.919,50.375,56.562,19.5,1788471886651.9,2.344,0.00895618695,0.00204916553,0.0120273877,0.17037,0,0,JSON,,,
591,175320,175411.0,0.9,-0.064,0.951,48.75,69.125,25.438,1788471886750.19,2.344,0.00895618695,0.00204916553,0.0120273877,0.17037,0,0,JSON,,,
592,175330,175411.0,0.895,-0.077,0.974,45.25,78.0,31.062,1788471886750.19,2.344,0.00895618695,0.00204916553,0.0120273877,0.17037,0,0,JSON,,,
593,175340,175411.0,0.853,-0.086,0.975,41.188,85.938,35.25,1788471886750.19,2.344,0.00895618695,0.00204916553,0.0120273877,0.17037,0,0,JSON,,,
594,175350,175411.0,0.821,-0.135,1.045,36.688,92.312,41.188,1788471886750.19,2.344,0.00895618695,0.00204916553,0.0120273877,0.17037,0,0,JSON,,,
595,175360,175411.0,0.778,-0.162,1.05,35.188,95.5,47.312,1788471886750.19,2.344,0.00895618695,0.00204916553,0.0120273877,0.17037,0,0,JSON,,,
596,175370,175411.0,0.74,-0.171,1.046,36.688,95.125,53.438,1788471886750.19,2.344,0.00895618695,0.00204916553,0.0120273877,0.17037,0,0,JSON,,,
597,175380,175411.0,0.696,-0.167,1.072,39.5,88.062,59.25,1788471886750.19,2.344,0.00895618695,0.00204916553,0.0120273877,0.17037,0,0,JSON,,,
598,175390,175411.0,0.702,-0.154,1.11,42.0,76.062,64.438,1788471886750.19,2.344,0.00895618695,0.00204916553,0.0120273877,0.17037,0,0,JSON,,,
599,175400,175411.0,0.713,-0.142,1.143,42.625,64.188,69.312,1788471886750.19,2.344,0.00895618695,0.00204916553,0.0120273877,0.17037,0,0,JSON,,,
600,175410,175411.0,0.716,-0.133,1.179,41.812,56.688,73.062,1788471886750.19,2.344,0.00895618695,0.00204916553,0.0120273877,0.17037,0,0,JSON,,,
601,175420,175511.0,0.729,-0.099,1.243,39.812,53.25,75.562,1788471886801.03,2.344,0.00895618695,0.00204916553,0.0120273877,0.17037,0,0,JSON,,,
602,175430,175511.0,0.736,-0.087,1.253,37.438,51.75,76.688,1788471886801.03,2.344,0.00895618695,0.00204916553,0.0120273877,0.17037,0,0,JSON,,,
603,175440,175511.0,0.699,-0.1,1.255,30.438,50.875,76.062,1788471886801.03,2.344,0.00895618695,0.00204916553,0.0120273877,0.17037,0,0,JSON,,,
604,175450,175511.0,0.656,-0.096,1.238,21.312,48.562,74.5,1788471886801.03,2.344,0.00895618695,0.00204916553,0.0120273877,0.17037,0,0,JSON,,,
605,175460,175511.0,0.563,-0.143,1.216,15.125,39.062,74.562,1788471886801.03,2.344,0.00895618695,0.00204916553,0.0120273877,0.17037,0,0,JSON,,,
606,175470,175511.0,0.498,-0.164,1.205,16.188,19.562,75.312,1788471886801.03,2.344,0.00895618695,0.00204916553,0.0120273877,0.17037,0,0,JSON,,,
607,175480,175511.0,0.467,-0.199,1.202,12.062,0.5,78.438,1788471886801.03,2.344,0.00895618695,0.00204916553,0.0120273877,0.17037,0,0,JSON,,,
608,175490,175511.0,0.448,-0.22,1.21,9.625,-21.5,83.812,1788471886801.03,2.344,0.00895618695,0.00204916553,0.0120273877,0.17037,0,0,JSON,,,
609,175500,175511.0,0.437,-0.224,1.225,11.5,-43.125,89.188,1788471886801.03,2.344,0.00895618695,0.00204916553,0.0120273877,0.17037,0,0,JSON,,,
610,175510,175511.0,0.437,-0.229,1.225,14.875,-62.625,93.25,1788471886801.03,2.344,0.00895618695,0.00204916553,0.0120273877,0.17037,0,0,JSON,,,
611,175520,175611.0,0.445,-0.225,1.205,19.562,-80.625,95.688,1788471886851.16,2.344,0.00895618695,0.00204916553,0.0120273877,0.17037,0,0,JSON,,,
612,175530,175611.0,0.478,-0.206,1.159,23.562,-96.812,96.938,1788471886851.16,2.344,0.00895618695,0.00204916553,0.0120273877,0.17037,0,0,JSON,,,
613,175540,175611.0,0.488,-0.189,1.14,25.562,-108.0,98.25,1788471886851.16,2.344,0.00895618695,0.00204916553,0.0120273877,0.17037,0,0,JSON,,,
614,175550,175611.0,0.494,-0.174,1.12,24.75,-110.625,100.375,1788471886851.16,2.344,0.00895618695,0.00204916553,0.0120273877,0.17037,0,0,JSON,,,
615,175560,175611.0,0.49,-0.169,1.101,19.812,-105.938,103.375,1788471886851.16,2.344,0.00895618695,0.00204916553,0.0120273877,0.17037,0,0,JSON,,,
616,175570,175611.0,0.448,-0.177,1.067,12.125,-94.875,106.562,1788471886851.16,2.344,0.00895618695,0.00204916553,0.0120273877,0.17037,0,0,JSON,,,
617,175580,175611.0,0.408,-0.186,1.045,4.188,-79.938,108.562,1788471886851.16,2.344,0.00895618695,0.00204916553,0.0120273877,0.17037,0,0,JSON,,,
618,175590,175611.0,0.368,-0.197,1.017,-1.938,-65.625,107.562,1788471886851.16,2.344,0.00895618695,0.00204916553,0.0120273877,0.17037,0,0,JSON,,,
619,175600,175611.0,0.344,-0.2,0.982,-7.25,-53.75,105.125,1788471886851.16,2.344,0.00895618695,0.00204916553,0.0120273877,0.17037,0,0,JSON,,,
620,175610,175611.0,0.284,-0.208,0.906,-11.812,-44.688,101.688,1788471886851.16,2.344,0.00895618695,0.00204916553,0.0120273877,0.17037,0,0,JSON,,,
621,175620,175711.0,0.264,-0.212,0.873,-17.125,-39.688,98.625,1788471887052.47,2.344,0.00895618695,0.00204916553,0.0120273877,0.17037,0,0,JSON,,,
622,175630,175711.0,0.249,-0.219,0.847,-22.875,-37.5,96.688,1788471887052.47,2.344,0.00895618695,0.00204916553,0.0120273877,0.17037,0,0,JSON,,,
623,175640,175711.0,0.21,-0.242,0.804,-28.5,-35.438,96.625,1788471887052.47,2.344,0.00895618695,0.00204916553,0.0120273877,0.17037,0,0,JSON,,,
624,175650,175711.0,0.183,-0.25,0.769,-33.062,-31.625,97.312,1788471887052.47,2.344,0.00895618695,0.00204916553,0.0120273877,0.17037,0,0,JSON,,,
625,175660,175711.0,0.162,-0.266,0.736,-36.625,-28.5,97.938,1788471887052.47,2.344,0.00895618695,0.00204916553,0.0120273877,0.17037,0,0,JSON,,,
626,175670,175711.0,0.143,-0.292,0.701,-42.375,-24.625,99.062,1788471887052.47,2.344,0.00895618695,0.00204916553,0.0120273877,0.17037,0,0,JSON,,,
627,175680,175711.0,0.088,-0.329,0.639,-42.375,-24.625,99.062,1788471887052.47,2.344,0.00895618695,0.00204916553,0.0120273877,0.17037,0,0,JSON,,,
628,175690,175711.0,0.064,-0.342,0.612,-45.0,-23.438,98.312,1788471887052.47,2.344,0.00895618695,0.00204916553,0.0120273877,0.17037,0,0,JSON,,,
629,175700,175711.0,0.055,-0.36,0.591,-48.438,-24.062,95.188,1788471887052.47,2.344,0.00895618695,0.00204916553,0.0120273877,0.17037,0,0,JSON,,,
630,175710,175711.0,0.051,-0.378,0.567,-49.188,-24.875,92.875,1788471887052.47,2.344,0.00895618695,0.00204916553,0.0120273877,0.17037,0,0,JSON,,,
631,175720,175811.0,0.02,-0.418,0.509,-48.562,-25.75,89.625,1788471887101.92,2.344,0.00895618695,0.00204916553,0.0120273877,0.17037,0,0,JSON,,,
632,175730,175811.0,-0.001,-0.451,0.478,-45.438,-27.375,86.688,1788471887101.92,2.344,0.00895618695,0.00204916553,0.0120273877,0.17037,0,0,JSON,,,
633,175740,175811.0,-0.018,-0.481,0.454,-38.75,-30.812,84.375,1788471887101.92,2.344,0.00895618695,0.00204916553,0.0120273877,0.17037,0,0,JSON,,,
634,175750,175811.0,-0.017,-0.499,0.442,-29.312,-35.125,81.5,1788471887101.92,2.344,0.00895618695,0.00204916553,0.0120273877,0.17037,0,0,JSON,,,
635,175760,175811.0,0.0,-0.507,0.434,-18.312,-37.188,76.875,1788471887101.92,2.344,0.00895618695,0.00204916553,0.0120273877,0.17037,0,0,JSON,,,
636,175770,175811.0,0.011,-0.507,0.441,-7.25,-35.5,71.875,1788471887101.92,2.344,0.00895618695,0.00204916553,0.0120273877,0.17037,0,0,JSON,,,
637,175780,175811.0,0.034,-0.497,0.444,2.5,-29.625,66.062,1788471887101.92,2.344,0.00895618695,0.00204916553,0.0120273877,0.17037,0,0,JSON,,,
638,175790,175811.0,0.057,-0.482,0.439,9.625,-19.75,59.812,1788471887101.92,2.344,0.00895618695,0.00204916553,0.0120273877,0.17037,0,0,JSON,,,
639,175800,175811.0,0.062,-0.473,0.439,14.562,-7.875,53.062,1788471887101.92,2.344,0.00895618695,0.00204916553,0.0120273877,0.17037,0,0,JSON,,,
640,175810,175811.0,0.069,-0.467,0.443,17.938,5.0,46.125,1788471887101.92,2.344,0.00895618695,0.00204916553,0.0120273877,0.17037,0,0,JSON,,,
641,175820,175911.0,0.078,-0.465,0.442,20.5,18.125,39.312,1788471887251.24,2.344,0.00895618695,0.00204916553,0.0120273877,0.17037,0,0,JSON,,,
642,175830,175911.0,0.091,-0.467,0.438,23.375,32.188,33.562,1788471887251.24,2.344,0.00895618695,0.00204916553,0.0120273877,0.17037,0,0,JSON,,,
643,175840,175911.0,0.083,-0.472,0.435,26.438,47.0,28.438,1788471887251.24,2.344,0.00895618695,0.00204916553,0.0120273877,0.17037,0,0,JSON,,,
644,175850,175911.0,0.07,-0.483,0.425,30.625,60.75,24.938,1788471887251.24,2.344,0.00895618695,0.00204916553,0.0120273877,0.17037,0,0,JSON,,,
645,175860,175911.0,0.056,-0.489,0.416,35.375,71.688,21.875,1788471887251.24,2.344,0.00895618695,0.00204916553,0.0120273877,0.17037,0,0,JSON,,,
646,175870,175911.0,0.011,-0.506,0.405,39.938,77.25,19.0,1788471887251.24,2.344,0.00895618695,0.00204916553,0.0120273877,0.17037,0,0,JSON,,,
647,175880,175911.0,-0.004,-0.521,0.423,45.25,77.812,15.688,1788471887251.24,2.344,0.00895618695,0.00204916553,0.0120273877,0.17037,0,0,JSON,,,
648,175890,175911.0,-0.023,-0.527,0.446,52.125,76.125,12.5,1788471887251.24,2.344,0.00895618695,0.00204916553,0.0120273877,0.17037,0,0,JSON,,,
649,175900,175911.0,-0.013,-0.508,0.519,60.25,72.375,9.312,1788471887251.24,2.344,0.00895618695,0.00204916553,0.0120273877,0.17037,0,0,JSON,,,
650,175910,175911.0,-0.009,-0.498,0.558,68.5,69.5,5.062,1788471887251.24,2.344,0.00895618695,0.00204916553,0.0120273877,0.17037,0,0,JSON,,,
651,175920,176011.0,-0.002,-0.481,0.597,76.625,69.75,0.5,1788471887350.53,2.344,0.00895618695,0.00204916553,0.0120273877,0.17037,0,0,JSON,,,
652,175930,176011.0,0.004,-0.46,0.633,83.812,71.625,-3.562,1788471887350.53,2.344,0.00895618695,0.00204916553,0.0120273877,0.17037,0,0,JSON,,,
653,175940,176011.0,0.022,-0.409,0.697,89.5,74.562,-7.5,1788471887350.53,2.344,0.00895618695,0.00204916553,0.0120273877,0.17037,0,0,JSON,,,
654,175950,176011.0,0.038,-0.385,0.747,91.688,78.0,-10.062,1788471887350.53,2.344,0.00895618695,0.00204916553,0.0120273877,0.17037,0,0,JSON,,,
655,175960,176011.0,0.057,-0.367,0.81,91.625,82.812,-12.375,1788471887350.53,2.344,0.00895618695,0.00204916553,0.0120273877,0.17037,0,0,JSON,,,
656,175970,176011.0,0.063,-0.35,0.88,90.312,89.375,-15.125,1788471887350.53,2.344,0.00895618695,0.00204916553,0.0120273877,0.17037,0,0,JSON,,,
657,175980,176011.0,0.064,-0.294,0.976,87.188,96.062,-17.812,1788471887350.53,2.344,0.00895618695,0.00204916553,0.0120273877,0.17037,0,0,JSON,,,
658,175990,176011.0,0.059,-0.276,1.013,81.062,102.25,-20.562,1788471887350.53,2.344,0.00895618695,0.00204916553,0.0120273877,0.17037,0,0,JSON,,,
659,176000,176011.0,0.054,-0.272,1.045,73.062,109.062,-22.25,1788471887350.53,2.344,0.00895618695,0.00204916553,0.0120273877,0.17037,0,0,JSON,,,
660,176010,176011.0,0.037,-0.286,1.072,64.438,116.438,-22.562,1788471887350.53,2.344,0.00895618695,0.00204916553,0.0120273877,0.17037,0,0,JSON,,,
661,176020,176111.0,-0.023,-0.328,1.128,57.188,122.688,-22.438,1788471887404.32,2.344,0.00895618695,0.00204916553,0.0120273877,0.17037,0,0,JSON,,,
662,176030,176111.0,-0.053,-0.351,1.167,53.875,125.312,-22.375,1788471887404.32,2.344,0.00895618695,0.00204916553,0.0120273877,0.17037,0,0,JSON,,,
663,176040,176111.0,-0.08,-0.357,1.211,54.562,122.938,-23.875,1788471887404.32,2.344,0.00895618695,0.00204916553,0.0120273877,0.17037,0,0,JSON,,,
664,176050,176111.0,-0.093,-0.351,1.299,57.938,116.312,-26.875,1788471887404.32,2.344,0.00895618695,0.00204916553,0.0120273877,0.17037,0,0,JSON,,,
665,176060,176111.0,-0.094,-0.331,1.333,61.0,106.188,-31.625,1788471887404.32,2.344,0.00895618695,0.00204916553,0.0120273877,0.17037,0,0,JSON,,,
666,176070,176111.0,-0.095,-0.303,1.353,60.75,94.812,-36.312,1788471887404.32,2.344,0.00895618695,0.00204916553,0.0120273877,0.17037,0,0,JSON,,,
667,176080,176111.0,-0.093,-0.272,1.361,54.938,84.438,-39.438,1788471887404.32,2.344,0.00895618695,0.00204916553,0.0120273877,0.17037,0,0,JSON,,,
668,176090,176111.0,-0.074,-0.252,1.382,43.875,77.875,-41.312,1788471887404.32,2.344,0.00895618695,0.00204916553,0.0120273877,0.17037,0,0,JSON,,,
669,176100,176111.0,-0.069,-0.266,1.389,31.5,77.438,-43.0,1788471887404.32,2.344,0.00895618695,0.00204916553,0.0120273877,0.17037,0,0,JSON,,,
670,176110,176111.0,-0.061,-0.298,1.401,21.438,82.188,-46.5,1788471887404.32,2.344,0.00895618695,0.00204916553,0.0120273877,0.17037,0,0,JSON,,,
671,176120,176211.0,-0.048,-0.336,1.421,17.875,88.625,-54.625,1788471887453.08,2.344,0.00895618695,0.00204916553,0.0120273877,0.17037,0,0,JSON,,,
672,176130,176211.0,-0.038,-0.342,1.398,20.875,91.812,-66.375,1788471887453.08,2.344,0.00895618695,0.00204916553,0.0120273877,0.17037,0,0,JSON,,,
673,176140,176211.0,-0.025,-0.316,1.372,25.312,88.812,-77.812,1788471887453.08,2.344,0.00895618695,0.00204916553,0.0120273877,0.17037,0,0,JSON,,,
674,176150,176211.0,-0.012,-0.278,1.349,27.812,80.688,-86.188,1788471887453.08,2.344,0.00895618695,0.00204916553,0.0120273877,0.17037,0,0,JSON,,,
675,176160,176211.0,0.007,-0.228,1.286,26.688,69.438,-90.562,1788471887453.08,2.344,0.00895618695,0.00204916553,0.0120273877,0.17037,0,0,JSON,,,
676,176170,176211.0,0.02,-0.209,1.264,21.375,58.5,-91.188,1788471887453.08,2.344,0.00895618695,0.00204916553,0.0120273877,0.17037,0,0,JSON,,,
677,176180,176211.0,0.03,-0.215,1.237,12.562,51.062,-88.938,1788471887453.08,2.344,0.00895618695,0.00204916553,0.0120273877,0.17037,0,0,JSON,,,
678,176190,176211.0,0.045,-0.223,1.225,2.688,50.438,-85.375,1788471887453.08,2.344,0.00895618695,0.00204916553,0.0120273877,0.17037,0,0,JSON,,,
679,176200,176211.0,0.045,-0.249,1.241,-5.5,57.312,-82.5,1788471887453.08,2.344,0.00895618695,0.00204916553,0.0120273877,0.17037,0,0,JSON,,,
680,176210,176211.0,0.034,-0.276,1.255,-10.375,67.062,-80.875,1788471887453.08,2.344,0.00895618695,0.00204916553,0.0120273877,0.17037,0,0,JSON,,,
681,176220,176341.0,0.004,-0.301,1.262,-9.562,73.75,-80.625,1788471887672.09,2.344,0.00895618695,0.00204916553,0.0120273877,0.17037,0,0,JSON,,,
682,176230,176341.0,-0.036,-0.309,1.262,-4.062,73.812,-80.625,1788471887672.09,2.344,0.00895618695,0.00204916553,0.0120273877,0.17037,0,0,JSON,,,
683,176240,176341.0,-0.11,-0.283,1.232,3.062,67.438,-80.75,1788471887672.09,2.344,0.00895618695,0.00204916553,0.0120273877,0.17037,0,0,JSON,,,
684,176250,176341.0,-0.138,-0.261,1.216,8.25,56.625,-80.812,1788471887672.09,2.344,0.00895618695,0.00204916553,0.0120273877,0.17037,0,0,JSON,,,
685,176260,176341.0,-0.161,-0.232,1.208,9.188,44.125,-79.75,1788471887672.09,2.344,0.00895618695,0.00204916553,0.0120273877,0.17037,0,0,JSON,,,
686,176270,176341.0,-0.165,-0.208,1.22,4.875,31.812,-78.562,1788471887672.09,2.344,0.00895618695,0.00204916553,0.0120273877,0.17037,0,0,JSON,,,
687,176280,176341.0,-0.198,-0.229,1.248,-1.438,22.375,-78.062,1788471887672.09,2.344,0.00895618695,0.00204916553,0.0120273877,0.17037,0,0,JSON,,,
688,176318,176341.0,-0.25,-0.208,1.256,-10.062,-9.125,-87.375,1788471887672.09,2.344,0.00895618695,0.00204916553,0.0120273877,0.17037,0,0,JSON,,,
689,176329,176341.0,-0.249,-0.185,1.233,-12.062,-21.125,-94.75,1788471887672.09,2.344,0.00895618695,0.00204916553,0.0120273877,0.17037,0,0,JSON,,,
690,176338,176341.0,-0.237,-0.164,1.213,-19.625,-44.125,-107.188,1788471887672.09,2.344,0.00895618695,0.00204916553,0.0120273877,0.17037,0,0,JSON,,,
691,176349,176441.0,-0.213,-0.149,1.194,-23.812,-53.75,-111.25,1788471887719.19,2.344,0.00895618695,0.00204916553,0.0120273877,0.17037,0,0,JSON,,,
692,176359,176441.0,-0.167,-0.126,1.17,-26.812,-61.438,-113.0,1788471887719.19,2.344,0.00895618695,0.00204916553,0.0120273877,0.17037,0,0,JSON,,,
693,176369,176441.0,-0.03,-0.195,1.218,-26.812,-61.438,-113.0,1788471887719.19,2.344,0.00895618695,0.00204916553,0.0120273877,0.17037,0,0,JSON,,,
694,176379,176441.0,0.152,0.028,1.254,-31.062,-45.562,-113.25,1788471887719.19,2.344,0.00895618695,0.00204916553,0.0120273877,0.17037,0,0,JSON,,,
695,176388,176441.0,0.038,-0.286,1.173,-10.562,12.875,-117.375,1788471887719.19,2.344,0.00895618695,0.00204916553,0.0120273877,0.17037,0,0,JSON,,,
696,176399,176441.0,0.014,-0.027,0.965,-14.25,20.25,-110.875,1788471887719.19,2.344,0.00895618695,0.00204916553,0.0120273877,0.17037,0,0,JSON,,,
697,176408,176441.0,0.05,-0.048,0.955,-18.938,20.875,-111.688,1788471887719.19,2.344,0.00895618695,0.00204916553,0.0120273877,0.17037,0,0,JSON,,,
698,176419,176441.0,-0.067,-0.007,0.845,-18.938,20.875,-111.688,1788471887719.19,2.344,0.00895618695,0.00204916553,0.0120273877,0.17037,0,0,JSON,,,
699,176428,176441.0,-0.109,-0.047,0.838,-31.25,-3.25,-107.812,1788471887719.19,2.344,0.00895618695,0.00204916553,0.0120273877,0.17037,0,0,JSON,,,
700,176439,176441.0,-0.151,-0.104,0.863,-44.875,-79.875,-98.875,1788471887719.19,2.344,0.00895618695,0.00204916553,0.0120273877,0.17037,0,0,JSON,,,
701,176449,176541.0,-0.115,-0.085,0.849,-45.0,-112.5,-91.75,1788471887783.75,2.344,0.00895618695,0.00204916553,0.0120273877,0.17037,0,0,JSON,,,
702,176459,176541.0,-0.102,-0.067,0.825,-47.312,-136.0,-85.438,1788471887783.75,2.344,0.00895618695,0.00204916553,0.0120273877,0.17037,0,0,JSON,,,
703,176469,176541.0,0.065,-0.059,0.859,-47.312,-136.0,-85.438,1788471887783.75,2.344,0.00895618695,0.00204916553,0.0120273877,0.17037,0,0,JSON,,,
704,176479,176541.0,0.144,-0.038,0.88,-50.188,-139.188,-80.312,1788471887783.75,2.344,0.00895618695,0.00204916553,0.0120273877,0.17037,0,0,JSON,,,
705,176488,176541.0,0.214,-0.076,0.9,-50.938,-102.0,-76.562,1788471887783.75,2.344,0.00895618695,0.00204916553,0.0120273877,0.17037,0,0,JSON,,,
706,176498,176541.0,0.276,-0.111,0.918,-47.062,-73.438,-71.938,1788471887783.75,2.344,0.00895618695,0.00204916553,0.0120273877,0.17037,0,0,JSON,,,
707,176508,176541.0,0.357,-0.157,0.981,-40.375,-42.125,-66.812,1788471887783.75,2.344,0.00895618695,0.00204916553,0.0120273877,0.17037,0,0,JSON,,,
708,176519,176541.0,0.299,-0.139,0.948,-40.375,-42.125,-66.812,1788471887783.75,2.344,0.00895618695,0.00204916553,0.0120273877,0.17037,0,0,JSON,,,
709,176528,176541.0,0.306,-0.129,0.953,-35.875,-19.312,-60.812,1788471887783.75,2.344,0.00895618695,0.00204916553,0.0120273877,0.17037,0,0,JSON,,,
710,176539,176541.0,0.365,-0.143,0.967,-27.188,29.562,-41.562,1788471887783.75,2.344,0.00895618695,0.00204916553,0.0120273877,0.17037,0,0,JSON,,,
711,176548,176641.0,0.249,-0.132,0.86,-23.188,31.125,-35.188,1788471887981.35,2.344,0.00895618695,0.00204916553,0.0120273877,0.17037,0,0,JSON,,,
712,176558,176641.0,0.105,-0.15,0.821,-19.812,17.312,-27.438,1788471887981.35,2.344,0.00895618695,0.00204916553,0.0120273877,0.17037,0,0,JSON,,,
713,176569,176641.0,0.057,-0.163,0.809,-19.812,17.312,-27.438,1788471887981.35,2.344,0.00895618695,0.00204916553,0.0120273877,0.17037,0,0,JSON,,,
714,176579,176641.0,0.079,-0.171,0.813,-18.0,-4.688,-18.5,1788471887981.35,2.344,0.00895618695,0.00204916553,0.0120273877,0.17037,0,0,JSON,,,
715,176588,176641.0,0.038,-0.139,0.77,-16.375,-54.312,-7.375,1788471887981.35,2.344,0.00895618695,0.00204916553,0.0120273877,0.17037,0,0,JSON,,,
716,176598,176641.0,0.02,-0.125,0.776,-22.375,-81.438,-0.75,1788471887981.35,2.344,0.00895618695,0.00204916553,0.0120273877,0.17037,0,0,JSON,,,
717,176609,176641.0,0.124,-0.139,0.872,-24.75,-87.062,5.312,1788471887981.35,2.344,0.00895618695,0.00204916553,0.0120273877,0.17037,0,0,JSON,,,
718,176619,176641.0,0.193,-0.132,0.908,-24.75,-87.062,5.312,1788471887981.35,2.344,0.00895618695,0.00204916553,0.0120273877,0.17037,0,0,JSON,,,
719,176628,176641.0,0.232,-0.144,0.918,-26.875,-84.312,7.812,1788471887981.35,2.344,0.00895618695,0.00204916553,0.0120273877,0.17037,0,0,JSON,,,
720,176639,176641.0,0.261,-0.144,0.895,-30.625,-60.812,8.5,1788471887981.35,2.344,0.00895618695,0.00204916553,0.0120273877,0.17037,0,0,JSON,,,
721,176649,176744.0,0.267,-0.176,0.872,-32.25,-48.812,6.562,1788471888084.82,2.344,0.00895618695,0.00204916553,0.0120273877,0.17037,0,0,JSON,,,
722,176659,176744.0,0.264,-0.222,0.805,-33.375,-41.5,4.5,1788471888084.82,2.344,0.00895618695,0.00204916553,0.0120273877,0.17037,0,0,JSON,,,
723,176668,176744.0,0.243,-0.224,0.763,-33.375,-41.5,4.5,1788471888084.82,2.344,0.00895618695,0.00204916553,0.0120273877,0.17037,0,0,JSON,,,
724,176679,176744.0,0.213,-0.236,0.725,-35.375,-42.938,2.188,1788471888084.82,2.344,0.00895618695,0.00204916553,0.0120273877,0.17037,0,0,JSON,,,
725,176689,176744.0,0.19,-0.311,0.713,-37.438,-72.812,-2.5,1788471888084.82,2.344,0.00895618695,0.00204916553,0.0120273877,0.17037,0,0,JSON,,,
726,176699,176744.0,0.207,-0.336,0.718,-33.5,-88.312,-4.312,1788471888084.82,2.344,0.00895618695,0.00204916553,0.0120273877,0.17037,0,0,JSON,,,
727,176708,176744.0,0.236,-0.347,0.722,-27.5,-99.312,-4.438,1788471888084.82,2.344,0.00895618695,0.00204916553,0.0120273877,0.17037,0,0,JSON,,,
728,176718,176744.0,0.267,-0.352,0.74,-27.5,-99.312,-4.438,1788471888084.82,2.344,0.00895618695,0.00204916553,0.0120273877,0.17037,0,0,JSON,,,
729,176729,176744.0,0.343,-0.354,0.761,-20.562,-105.062,-3.188,1788471888084.82,2.344,0.00895618695,0.00204916553,0.0120273877,0.17037,0,0,JSON,,,
730,176739,176744.0,0.368,-0.362,0.774,-9.062,-105.062,-0.688,1788471888084.82,2.344,0.00895618695,0.00204916553,0.0120273877,0.17037,0,0,JSON,,,
731,176749,176841.0,0.395,-0.363,0.78,-4.312,-97.625,1.438,1788471888133.1,2.344,0.00895618695,0.00204916553,0.0120273877,0.17037,0,0,JSON,,,
732,176759,176841.0,0.441,-0.359,0.798,-0.75,-84.125,2.625,1788471888133.1,2.344,0.00895618695,0.00204916553,0.0120273877,0.17037,0,0,JSON,,,
733,176769,176841.0,0.483,-0.388,0.798,-0.75,-84.125,2.625,1788471888133.1,2.344,0.00895618695,0.00204916553,0.0120273877,0.17037,0,0,JSON,,,
734,176779,176841.0,0.482,-0.397,0.779,2.438,-67.875,3.562,1788471888133.1,2.344,0.00895618695,0.00204916553,0.0120273877,0.17037,0,0,JSON,,,
735,176789,176841.0,0.46,-0.398,0.751,7.562,-44.25,3.438,1788471888133.1,2.344,0.00895618695,0.00204916553,0.0120273877,0.17037,0,0,JSON,,,
736,176799,176841.0,0.438,-0.403,0.729,9.125,-39.688,3.75,1788471888133.1,2.344,0.00895618695,0.00204916553,0.0120273877,0.17037,0,0,JSON,,,
737,176808,176841.0,0.447,-0.404,0.741,10.125,-36.875,4.25,1788471888133.1,2.344,0.00895618695,0.00204916553,0.0120273877,0.17037,0,0,JSON,,,
738,176819,176841.0,0.452,-0.401,0.76,10.125,-36.875,4.25,1788471888133.1,2.344,0.00895618695,0.00204916553,0.0120273877,0.17037,0,0,JSON,,,
739,176829,176841.0,0.46,-0.402,0.778,11.938,-34.125,5.375,1788471888133.1,2.344,0.00895618695,0.00204916553,0.0120273877,0.17037,0,0,JSON,,,
740,176839,176841.0,0.46,-0.411,0.797,18.312,-29.25,8.0,1788471888133.1,2.344,0.00895618695,0.00204916553,0.0120273877,0.17037,0,0,JSON,,,
